entry_ts,exit_ts,direction,pnl_ticks
2020-02-11 12:00:00 UTC,2020-02-11 12:32:00 UTC,short,38.86771254216228
2020-02-12 12:00:00 UTC,2020-02-12 12:56:00 UTC,long,-11.579399199620184
2020-02-13 12:56:00 UTC,2020-02-13 16:55:00 UTC,long,-10.99999999999909
2020-02-14 12:00:00 UTC,2020-02-14 16:55:00 UTC,long,20.99999999999909
2020-02-18 12:00:00 UTC,2020-02-18 12:08:00 UTC,long,75.0
2020-02-19 12:00:00 UTC,2020-02-19 16:55:00 UTC,long,37.999999999999545
2020-02-20 12:00:00 UTC,2020-02-20 12:40:00 UTC,long,0.0
2020-02-21 12:40:00 UTC,2020-02-21 16:55:00 UTC,long,-10.99999999999909
2020-02-24 12:00:00 UTC,2020-02-24 16:55:00 UTC,short,160.0
2020-02-25 12:00:00 UTC,2020-02-25 12:56:00 UTC,short,-31.84969357963155
2020-02-26 12:00:00 UTC,2020-02-26 12:56:00 UTC,long,0.0
2020-02-27 12:00:00 UTC,2020-02-27 12:40:00 UTC,short,99.12573335713432
2020-03-02 12:32:00 UTC,2020-03-02 12:56:00 UTC,long,-47.19720779380623
2020-03-03 12:00:00 UTC,2020-03-03 12:08:00 UTC,long,325.0
2020-03-04 12:16:00 UTC,2020-03-04 12:48:00 UTC,long,-32.2057184877076
2020-03-05 12:24:00 UTC,2020-03-05 16:55:00 UTC,long,79.00000000000091
2020-03-06 12:00:00 UTC,2020-03-06 16:55:00 UTC,short,-5.0
2020-03-09 12:00:00 UTC,2020-03-09 12:32:00 UTC,short,50.0
2020-03-10 12:00:00 UTC,2020-03-10 16:55:00 UTC,short,60.0
2020-03-11 12:00:00 UTC,2020-03-11 12:08:00 UTC,short,100.0
2020-03-12 12:00:00 UTC,2020-03-12 12:08:00 UTC,short,242.00000000000045
2020-03-13 12:00:00 UTC,2020-03-13 12:08:00 UTC,short,420.9999999999991
2020-03-16 12:00:00 UTC,2020-03-16 12:08:00 UTC,long,345.0
2020-03-17 12:00:00 UTC,2020-03-17 12:08:00 UTC,long,329.0000000000009
2020-03-18 12:00:00 UTC,2020-03-18 12:24:00 UTC,short,0.0
2020-03-20 12:00:00 UTC,2020-03-20 16:55:00 UTC,short,-62.999999999999545
2020-03-23 12:00:00 UTC,2020-03-23 12:08:00 UTC,long,237.99999999999955
2020-03-24 12:00:00 UTC,2020-03-24 12:24:00 UTC,short,100.0
2020-03-25 12:00:00 UTC,2020-03-25 16:55:00 UTC,short,-64.00000000000091
2020-03-26 12:00:00 UTC,2020-03-26 16:55:00 UTC,short,172.00000000000045
2020-03-30 12:08:00 UTC,2020-03-30 12:24:00 UTC,short,-35.2646029863331
2020-03-31 12:24:00 UTC,2020-03-31 16:55:00 UTC,short,270.9999999999991
2020-04-01 12:00:00 UTC,2020-04-01 12:40:00 UTC,long,0.0
2020-04-02 12:00:00 UTC,2020-04-02 16:55:00 UTC,long,57.999999999999545
2020-04-03 12:00:00 UTC,2020-04-03 16:55:00 UTC,long,41.000000000001364
2020-04-06 12:00:00 UTC,2020-04-06 12:48:00 UTC,long,111.30679073255806
2020-04-07 12:48:00 UTC,2020-04-07 16:55:00 UTC,short,60.0
2020-04-09 12:00:00 UTC,2020-04-09 16:55:00 UTC,long,33.999999999998636
2020-04-13 12:00:00 UTC,2020-04-13 12:08:00 UTC,long,157.99999999999955
2020-04-14 12:48:00 UTC,2020-04-14 12:56:00 UTC,short,-35.95036168215074
2020-04-15 12:00:00 UTC,2020-04-15 16:55:00 UTC,short,-17.999999999999545
2020-04-16 12:08:00 UTC,2020-04-16 12:32:00 UTC,short,133.64069085917436
2020-04-17 12:00:00 UTC,2020-04-17 12:48:00 UTC,short,50.0
2020-04-20 12:00:00 UTC,2020-04-20 12:08:00 UTC,long,107.00000000000045
2020-04-21 12:00:00 UTC,2020-04-21 12:40:00 UTC,long,50.0
2020-04-22 12:00:00 UTC,2020-04-22 16:55:00 UTC,long,41.000000000001364
2020-04-24 12:00:00 UTC,2020-04-24 12:08:00 UTC,short,209.0000000000009
2020-04-27 12:00:00 UTC,2020-04-27 16:55:00 UTC,short,50.0
2020-04-28 12:00:00 UTC,2020-04-28 16:55:00 UTC,short,-27.999999999999545
2020-04-30 12:00:00 UTC,2020-04-30 12:16:00 UTC,short,143.32297379562533
2020-05-01 12:00:00 UTC,2020-05-01 12:08:00 UTC,long,144.0000000000009
2020-05-06 12:08:00 UTC,2020-05-06 16:55:00 UTC,short,-2.9999999999995453
2020-05-07 12:00:00 UTC,2020-05-07 12:08:00 UTC,long,120.0
2020-05-08 12:00:00 UTC,2020-05-08 12:08:00 UTC,long,-39.47258845204942
2020-05-11 12:00:00 UTC,2020-05-11 12:08:00 UTC,short,82.27688057007072
2020-05-12 12:00:00 UTC,2020-05-12 12:08:00 UTC,long,-22.5514926657047
2020-05-14 12:00:00 UTC,2020-05-14 12:16:00 UTC,long,98.99657678120548
2020-05-15 12:00:00 UTC,2020-05-15 16:55:00 UTC,long,-37.000000000000455
2020-05-18 12:00:00 UTC,2020-05-18 12:40:00 UTC,short,50.0
2020-05-19 12:32:00 UTC,2020-05-19 16:55:00 UTC,long,30.0
2020-05-21 12:00:00 UTC,2020-05-21 12:08:00 UTC,short,96.99999999999818
2020-05-25 12:00:00 UTC,2020-05-25 12:59:00 UTC,long,-7.999999999999545
2020-05-26 12:00:00 UTC,2020-05-26 12:08:00 UTC,short,117.00000000000045
2020-05-27 12:00:00 UTC,2020-05-27 12:08:00 UTC,long,86.99656053224544
2020-05-28 12:08:00 UTC,2020-05-28 16:55:00 UTC,short,24.00000000000091
2020-05-29 12:00:00 UTC,2020-05-29 16:55:00 UTC,long,-25.0
2020-06-01 12:00:00 UTC,2020-06-01 12:08:00 UTC,long,81.00000000000136
2020-06-02 12:00:00 UTC,2020-06-02 12:08:00 UTC,short,146.00000000000136
2020-06-03 12:00:00 UTC,2020-06-03 16:55:00 UTC,short,26.000000000001364
2020-06-08 12:00:00 UTC,2020-06-08 16:55:00 UTC,long,80.0
2020-06-10 12:00:00 UTC,2020-06-10 12:56:00 UTC,short,72.77780970831827
2020-06-11 12:24:00 UTC,2020-06-11 16:55:00 UTC,short,53.999999999998636
2020-06-12 12:00:00 UTC,2020-06-12 16:55:00 UTC,short,57.999999999999545
2020-06-15 12:00:00 UTC,2020-06-15 12:08:00 UTC,long,117.00000000000045
2020-06-16 12:00:00 UTC,2020-06-16 16:55:00 UTC,long,17.000000000000455
2020-06-17 12:08:00 UTC,2020-06-17 16:55:00 UTC,long,27.999999999999545
2020-06-19 12:00:00 UTC,2020-06-19 16:55:00 UTC,long,50.99999999999909
2020-06-22 12:56:00 UTC,2020-06-22 16:55:00 UTC,short,13.999999999998636
2020-06-23 12:08:00 UTC,2020-06-23 12:32:00 UTC,long,-27.787879915840676
2020-06-24 12:08:00 UTC,2020-06-24 12:16:00 UTC,short,-37.330967819059424
2020-06-25 12:00:00 UTC,2020-06-25 12:08:00 UTC,short,-26.2237023211037
2020-06-26 12:00:00 UTC,2020-06-26 12:08:00 UTC,long,92.00000000000045
2020-07-01 12:00:00 UTC,2020-07-01 16:55:00 UTC,short,12.999999999999545
2020-07-02 12:00:00 UTC,2020-07-02 16:55:00 UTC,long,60.99999999999909
2020-07-03 12:40:00 UTC,2020-07-03 12:48:00 UTC,long,-9.726753582940546
2020-07-06 12:24:00 UTC,2020-07-06 16:55:00 UTC,short,-12.000000000000455
2020-07-07 12:00:00 UTC,2020-07-07 12:08:00 UTC,long,153.00000000000182
2020-07-09 12:00:00 UTC,2020-07-09 12:08:00 UTC,short,97.00000000000045
2020-07-10 12:00:00 UTC,2020-07-10 12:08:00 UTC,short,62.999999999999545
2020-07-14 12:00:00 UTC,2020-07-14 16:55:00 UTC,long,57.000000000000455
2020-07-15 12:00:00 UTC,2020-07-15 16:55:00 UTC,long,7.000000000000455
2020-07-16 12:48:00 UTC,2020-07-16 16:55:00 UTC,short,60.99999999999909
2020-07-17 12:00:00 UTC,2020-07-17 12:16:00 UTC,long,-18.338221846320266
2020-07-22 12:00:00 UTC,2020-07-22 12:08:00 UTC,long,100.38012187082131
2020-07-23 12:00:00 UTC,2020-07-23 12:08:00 UTC,long,151.00000000000136
2020-07-24 12:00:00 UTC,2020-07-24 16:55:00 UTC,short,-32.999999999999545
2020-07-27 12:00:00 UTC,2020-07-27 12:08:00 UTC,long,-37.269863412839186
2020-07-28 12:00:00 UTC,2020-07-28 16:55:00 UTC,long,147.99999999999955
2020-07-29 12:00:00 UTC,2020-07-29 16:55:00 UTC,short,-130.0
2020-07-30 12:00:00 UTC,2020-07-30 16:55:00 UTC,short,-87.99999999999955
2020-07-31 12:48:00 UTC,2020-07-31 16:55:00 UTC,long,13.999999999998636
2020-08-04 12:00:00 UTC,2020-08-04 12:08:00 UTC,long,202.99999999999955
2020-08-05 12:00:00 UTC,2020-08-05 12:08:00 UTC,long,-46.83796090031137
2020-08-07 12:00:00 UTC,2020-08-07 12:08:00 UTC,short,181.99999999999818
2020-08-10 12:16:00 UTC,2020-08-10 12:40:00 UTC,short,-32.14204777756777
2020-08-12 12:08:00 UTC,2020-08-12 16:55:00 UTC,long,-290.0
2020-08-13 12:00:00 UTC,2020-08-13 12:48:00 UTC,long,163.8491966140532
2020-08-14 12:00:00 UTC,2020-08-14 12:56:00 UTC,short,141.25667731984322
2020-08-17 12:00:00 UTC,2020-08-17 12:08:00 UTC,long,142.99999999999955
2020-08-18 12:00:00 UTC,2020-08-18 12:16:00 UTC,short,-34.822439444187694
2020-08-19 12:00:00 UTC,2020-08-19 12:08:00 UTC,short,245.9999999999991
2020-08-20 12:00:00 UTC,2020-08-20 16:55:00 UTC,long,105.99999999999909
2020-08-24 12:00:00 UTC,2020-08-24 16:55:00 UTC,short,102.99999999999955
2020-08-25 12:00:00 UTC,2020-08-25 16:55:00 UTC,short,-52.000000000000455
2020-08-26 12:00:00 UTC,2020-08-26 12:08:00 UTC,long,145.36708932782858
2020-08-27 12:00:00 UTC,2020-08-27 16:55:00 UTC,short,86.99999999999818
2020-08-28 12:00:00 UTC,2020-08-28 12:40:00 UTC,long,50.0
2020-08-31 12:00:00 UTC,2020-08-31 12:48:00 UTC,long,-31.852406907373734
2020-09-01 12:00:00 UTC,2020-09-01 16:55:00 UTC,short,117.00000000000045
2020-09-02 12:00:00 UTC,2020-09-02 12:24:00 UTC,short,131.25728700114905
2020-09-03 12:00:00 UTC,2020-09-03 12:24:00 UTC,short,0.0
2020-09-08 12:00:00 UTC,2020-09-08 12:08:00 UTC,long,137.99999999999955
2020-09-09 12:32:00 UTC,2020-09-09 16:55:00 UTC,long,-3.000000000001819
2020-09-10 12:32:00 UTC,2020-09-10 16:55:00 UTC,short,82.00000000000045
2020-09-15 12:00:00 UTC,2020-09-15 16:55:00 UTC,short,70.0
2020-09-16 12:08:00 UTC,2020-09-16 16:55:00 UTC,short,72.00000000000045
2020-09-17 12:00:00 UTC,2020-09-17 16:55:00 UTC,long,31.000000000001364
2020-09-18 12:00:00 UTC,2020-09-18 16:55:00 UTC,long,-40.99999999999909
2020-09-21 12:00:00 UTC,2020-09-21 16:55:00 UTC,short,-27.999999999999545
2020-09-22 12:00:00 UTC,2020-09-22 12:08:00 UTC,short,97.9502083581724
2020-09-23 12:00:00 UTC,2020-09-23 12:08:00 UTC,short,137.99999999999955
2020-09-24 12:00:00 UTC,2020-09-24 12:08:00 UTC,long,121.7886279558411
2020-09-29 12:00:00 UTC,2020-09-29 16:55:00 UTC,long,62.000000000000455
2020-09-30 12:56:00 UTC,2020-09-30 16:55:00 UTC,long,-132.99999999999955
2020-10-01 12:00:00 UTC,2020-10-01 16:55:00 UTC,long,-16.99999999999818
2020-10-05 12:00:00 UTC,2020-10-05 16:55:00 UTC,long,8.999999999998636
2020-10-06 12:00:00 UTC,2020-10-06 12:08:00 UTC,short,110.0
2020-10-07 12:24:00 UTC,2020-10-07 12:48:00 UTC,short,-35.83828861404072
2020-10-08 12:00:00 UTC,2020-10-08 12:40:00 UTC,short,68.59069008141887
2020-10-09 12:16:00 UTC,2020-10-09 12:40:00 UTC,long,-27.867449614850557
2020-10-12 12:40:00 UTC,2020-10-12 16:55:00 UTC,long,-35.99999999999909
2020-10-13 12:00:00 UTC,2020-10-13 16:55:00 UTC,short,66.99999999999818
2020-10-14 12:00:00 UTC,2020-10-14 16:55:00 UTC,short,27.999999999999545
2020-10-15 12:00:00 UTC,2020-10-15 16:55:00 UTC,long,101.99999999999818
2020-10-16 12:00:00 UTC,2020-10-16 16:55:00 UTC,short,43.999999999998636
2020-10-20 12:00:00 UTC,2020-10-20 16:55:00 UTC,long,17.999999999999545
2020-10-21 12:16:00 UTC,2020-10-21 12:48:00 UTC,long,-27.054127514420543
2020-10-22 12:00:00 UTC,2020-10-22 16:55:00 UTC,short,-19.00000000000091
2020-10-23 12:00:00 UTC,2020-10-23 12:16:00 UTC,short,71.43159733050652
2020-10-27 12:00:00 UTC,2020-10-27 12:32:00 UTC,long,-17.479116028903263
2020-10-28 12:00:00 UTC,2020-10-28 12:48:00 UTC,long,-32.62630525388431
2020-10-30 12:00:00 UTC,2020-10-30 16:55:00 UTC,short,67.00000000000045
2020-11-02 12:16:00 UTC,2020-11-02 16:55:00 UTC,long,17.999999999999545
2020-11-03 12:48:00 UTC,2020-11-03 16:55:00 UTC,long,2.9999999999995453
2020-11-04 12:00:00 UTC,2020-11-04 12:08:00 UTC,short,81.93109040332729
2020-11-05 12:00:00 UTC,2020-11-05 12:08:00 UTC,long,106.00000000000136
2020-11-09 12:00:00 UTC,2020-11-09 16:55:00 UTC,short,104.00000000000091
2020-11-12 12:00:00 UTC,2020-11-12 12:56:00 UTC,long,-23.296044129790516
2020-11-13 12:48:00 UTC,2020-11-13 16:55:00 UTC,short,-2.0000000000004547
2020-11-16 12:00:00 UTC,2020-11-16 16:55:00 UTC,long,-18.999999999998636
2020-11-18 12:00:00 UTC,2020-11-18 12:24:00 UTC,long,-22.69273697352901
2020-11-19 12:16:00 UTC,2020-11-19 16:55:00 UTC,long,43.999999999998636
2020-11-20 12:08:00 UTC,2020-11-20 16:55:00 UTC,short,0.9999999999990905
2020-11-23 12:00:00 UTC,2020-11-23 12:08:00 UTC,short,262.00000000000045
2020-11-25 12:40:00 UTC,2020-11-25 16:55:00 UTC,short,17.999999999999545
2020-11-26 12:00:00 UTC,2020-11-26 12:59:00 UTC,short,5.0
2020-11-27 12:00:00 UTC,2020-11-27 13:44:00 UTC,long,37.000000000000455
2020-11-30 12:00:00 UTC,2020-11-30 12:48:00 UTC,long,0.0
2020-12-02 12:00:00 UTC,2020-12-02 16:55:00 UTC,long,92.99999999999955
2020-12-03 12:00:00 UTC,2020-12-03 12:32:00 UTC,short,-28.5230629454054
2020-12-04 12:00:00 UTC,2020-12-04 16:55:00 UTC,short,-26.99999999999818
2020-12-07 12:00:00 UTC,2020-12-07 12:08:00 UTC,long,205.0
2020-12-09 12:00:00 UTC,2020-12-09 12:32:00 UTC,short,96.30640112077344
2020-12-10 12:00:00 UTC,2020-12-10 12:56:00 UTC,short,90.94645054387001
2020-12-14 12:00:00 UTC,2020-12-14 16:55:00 UTC,short,17.000000000000455
2020-12-16 12:16:00 UTC,2020-12-16 12:56:00 UTC,short,-27.336194056224485
2020-12-17 12:00:00 UTC,2020-12-17 12:56:00 UTC,short,-36.68887086392715
2020-12-22 12:00:00 UTC,2020-12-22 12:08:00 UTC,short,113.00000000000182
2020-12-23 12:00:00 UTC,2020-12-23 12:32:00 UTC,long,-27.289731486976052
2020-12-24 12:00:00 UTC,2020-12-24 13:44:00 UTC,long,20.99999999999909
2020-12-28 12:00:00 UTC,2020-12-28 12:08:00 UTC,short,74.70085750812814
2020-12-30 12:00:00 UTC,2020-12-30 12:08:00 UTC,long,-19.895982415364415
2020-12-31 12:00:00 UTC,2020-12-31 16:55:00 UTC,short,-22.000000000000455
2021-01-04 12:08:00 UTC,2021-01-04 16:55:00 UTC,short,-62.999999999999545
2021-01-06 12:00:00 UTC,2021-01-06 12:08:00 UTC,short,199.0000000000009
2021-01-07 12:16:00 UTC,2021-01-07 16:55:00 UTC,short,-21.000000000001364
2021-01-08 12:00:00 UTC,2021-01-08 12:08:00 UTC,short,282.99999999999955
2021-01-11 12:00:00 UTC,2021-01-11 16:55:00 UTC,long,32.999999999999545
2021-01-14 12:48:00 UTC,2021-01-14 16:55:00 UTC,long,-70.0
2021-01-15 12:00:00 UTC,2021-01-15 12:08:00 UTC,short,84.6027470699346
2021-01-20 12:00:00 UTC,2021-01-20 16:55:00 UTC,long,65.0
2021-01-22 12:00:00 UTC,2021-01-22 12:08:00 UTC,long,104.40552880539371
2021-01-25 12:00:00 UTC,2021-01-25 16:55:00 UTC,short,32.999999999999545
2021-01-26 12:00:00 UTC,2021-01-26 16:55:00 UTC,short,12.999999999999545
2021-01-27 12:00:00 UTC,2021-01-27 16:55:00 UTC,long,-7.000000000000455
2021-01-28 12:00:00 UTC,2021-01-28 12:08:00 UTC,short,133.00000000000182
2021-01-29 12:00:00 UTC,2021-01-29 16:55:00 UTC,short,115.0
2021-02-01 12:16:00 UTC,2021-02-01 12:24:00 UTC,short,-33.487143688003016
2021-02-03 12:08:00 UTC,2021-02-03 16:55:00 UTC,short,13.999999999998636
2021-02-04 12:16:00 UTC,2021-02-04 16:55:00 UTC,short,-43.999999999998636
2021-02-05 12:00:00 UTC,2021-02-05 12:08:00 UTC,long,107.79536530259293
2021-02-08 12:00:00 UTC,2021-02-08 12:24:00 UTC,long,-25.323748616938246
2021-02-09 12:00:00 UTC,2021-02-09 16:55:00 UTC,short,10.99999999999909
2021-02-10 12:00:00 UTC,2021-02-10 16:55:00 UTC,short,-15.0
2021-02-11 12:00:00 UTC,2021-02-11 12:08:00 UTC,short,108.00000000000182
2021-02-12 12:00:00 UTC,2021-02-12 12:48:00 UTC,long,0.0
2021-02-18 12:00:00 UTC,2021-02-18 16:55:00 UTC,short,10.99999999999909
2021-02-22 12:00:00 UTC,2021-02-22 16:55:00 UTC,long,44.00000000000091
2021-02-24 12:00:00 UTC,2021-02-24 16:55:00 UTC,long,102.99999999999955
2021-02-25 12:24:00 UTC,2021-02-25 16:55:00 UTC,short,67.00000000000045
2021-02-26 12:00:00 UTC,2021-02-26 12:08:00 UTC,short,345.0
2021-03-01 12:00:00 UTC,2021-03-01 16:55:00 UTC,short,76.99999999999818
2021-03-02 12:00:00 UTC,2021-03-02 16:55:00 UTC,long,71.00000000000136
2021-03-03 12:00:00 UTC,2021-03-03 16:55:00 UTC,long,-80.0
2021-03-04 12:16:00 UTC,2021-03-04 12:32:00 UTC,short,104.63888446118517
2021-03-08 12:00:00 UTC,2021-03-08 12:16:00 UTC,short,96.09240804460569
2021-03-12 12:00:00 UTC,2021-03-12 12:08:00 UTC,long,117.00000000000045
2021-03-15 12:00:00 UTC,2021-03-15 12:08:00 UTC,short,-27.708813502458725
2021-03-16 12:00:00 UTC,2021-03-16 12:40:00 UTC,short,-21.482461548393985
2021-03-17 12:00:00 UTC,2021-03-17 12:24:00 UTC,short,-20.610759053815855
2021-03-18 12:00:00 UTC,2021-03-18 16:55:00 UTC,long,70.0
2021-03-19 12:48:00 UTC,2021-03-19 16:55:00 UTC,long,42.000000000000455
2021-03-22 12:00:00 UTC,2021-03-22 16:55:00 UTC,long,26.000000000001364
2021-03-23 12:00:00 UTC,2021-03-23 16:55:00 UTC,short,32.000000000000455
2021-03-24 12:00:00 UTC,2021-03-24 12:48:00 UTC,long,0.0
2021-03-25 12:56:00 UTC,2021-03-25 16:55:00 UTC,short,7.999999999999545
2021-03-26 12:00:00 UTC,2021-03-26 16:55:00 UTC,long,40.99999999999909
2021-03-29 12:00:00 UTC,2021-03-29 16:55:00 UTC,short,65.0
2021-03-31 12:00:00 UTC,2021-03-31 12:08:00 UTC,long,167.99999999999955
2021-04-01 12:00:00 UTC,2021-04-01 16:55:00 UTC,long,33.999999999998636
2021-04-05 12:00:00 UTC,2021-04-05 16:55:00 UTC,long,20.99999999999909
2021-04-06 12:00:00 UTC,2021-04-06 16:55:00 UTC,long,25.0
2021-04-07 12:00:00 UTC,2021-04-07 16:55:00 UTC,long,-21.99999999999818
2021-04-08 12:08:00 UTC,2021-04-08 16:55:00 UTC,long,-5.9999999999990905
2021-04-09 12:00:00 UTC,2021-04-09 16:55:00 UTC,long,45.99999999999909
2021-04-12 12:00:00 UTC,2021-04-12 16:55:00 UTC,short,4.0000000000009095
2021-04-15 12:00:00 UTC,2021-04-15 12:08:00 UTC,long,111.99999999999818
2021-04-20 12:00:00 UTC,2021-04-20 12:08:00 UTC,long,65.51144347032505
2021-04-21 12:00:00 UTC,2021-04-21 12:08:00 UTC,long,53.00329652398432
2021-04-22 12:00:00 UTC,2021-04-22 12:16:00 UTC,short,-28.188790417257223
2021-04-23 12:00:00 UTC,2021-04-23 12:08:00 UTC,short,72.99999999999955
2021-04-28 12:00:00 UTC,2021-04-28 16:55:00 UTC,long,81.99999999999818
2021-04-30 12:24:00 UTC,2021-04-30 16:55:00 UTC,short,-23.999999999998636
2021-05-03 12:00:00 UTC,2021-05-03 16:55:00 UTC,long,10.0
2021-05-04 12:00:00 UTC,2021-05-04 12:08:00 UTC,short,103.99999999999864
2021-05-05 12:00:00 UTC,2021-05-05 12:16:00 UTC,long,-25.536669640468972
2021-05-06 12:00:00 UTC,2021-05-06 12:08:00 UTC,long,107.99999999999955
2021-05-10 12:40:00 UTC,2021-05-10 16:55:00 UTC,short,8.999999999998636
2021-05-11 12:00:00 UTC,2021-05-11 16:55:00 UTC,long,64.00000000000091
2021-05-12 12:00:00 UTC,2021-05-12 16:55:00 UTC,short,108.00000000000182
2021-05-13 12:00:00 UTC,2021-05-13 16:55:00 UTC,long,47.999999999999545
2021-05-17 12:00:00 UTC,2021-05-17 12:08:00 UTC,long,115.99999999999909
2021-05-18 12:00:00 UTC,2021-05-18 12:08:00 UTC,short,-24.47082227610963
2021-05-19 12:00:00 UTC,2021-05-19 12:40:00 UTC,long,50.0
2021-05-20 12:00:00 UTC,2021-05-20 12:48:00 UTC,long,81.94389890671346
2021-05-21 12:00:00 UTC,2021-05-21 12:08:00 UTC,short,67.00000000000045
2021-05-24 12:00:00 UTC,2021-05-24 16:55:00 UTC,long,-22.000000000000455
2021-05-25 12:00:00 UTC,2021-05-25 12:08:00 UTC,long,68.00000000000182
2021-05-28 12:56:00 UTC,2021-05-28 16:55:00 UTC,long,21.000000000001364
2021-06-01 12:00:00 UTC,2021-06-01 16:55:00 UTC,short,53.00000000000182
2021-06-03 12:00:00 UTC,2021-06-03 16:55:00 UTC,short,-2.0000000000004547
2021-06-04 12:00:00 UTC,2021-06-04 16:55:00 UTC,long,8.999999999998636
2021-06-07 12:00:00 UTC,2021-06-07 16:55:00 UTC,long,72.00000000000045
2021-06-09 12:00:00 UTC,2021-06-09 16:55:00 UTC,short,28.999999999998636
2021-06-11 12:00:00 UTC,2021-06-11 16:55:00 UTC,short,37.999999999999545
2021-06-14 12:00:00 UTC,2021-06-14 16:55:00 UTC,long,115.0
2021-06-15 12:00:00 UTC,2021-06-15 12:08:00 UTC,short,61.39546531379665
2021-06-16 12:00:00 UTC,2021-06-16 12:40:00 UTC,long,-16.634613528572118
2021-06-17 12:00:00 UTC,2021-06-17 16:55:00 UTC,short,35.0
2021-06-18 12:56:00 UTC,2021-06-18 16:55:00 UTC,short,77.99999999999955
2021-06-21 12:00:00 UTC,2021-06-21 16:55:00 UTC,long,22.999999999999545
2021-06-24 12:00:00 UTC,2021-06-24 16:55:00 UTC,short,75.99999999999909
2021-06-25 12:00:00 UTC,2021-06-25 12:24:00 UTC,short,74.77898790864629
2021-06-29 12:00:00 UTC,2021-06-29 16:55:00 UTC,long,19.00000000000091
2021-06-30 12:00:00 UTC,2021-06-30 12:08:00 UTC,long,65.0
2021-07-01 12:00:00 UTC,2021-07-01 12:40:00 UTC,short,74.54974540001331
2021-07-02 12:00:00 UTC,2021-07-02 16:55:00 UTC,short,-18.999999999998636
2021-07-06 12:00:00 UTC,2021-07-06 12:08:00 UTC,short,102.99999999999955
2021-07-08 12:00:00 UTC,2021-07-08 12:08:00 UTC,short,107.00000000000045
2021-07-09 12:00:00 UTC,2021-07-09 16:55:00 UTC,long,22.000000000000455
2021-07-12 12:56:00 UTC,2021-07-12 16:55:00 UTC,long,-2.0000000000004547
2021-07-14 12:00:00 UTC,2021-07-14 16:55:00 UTC,short,-50.0
2021-07-16 12:00:00 UTC,2021-07-16 12:08:00 UTC,short,75.9841072410427
2021-07-19 12:08:00 UTC,2021-07-19 16:55:00 UTC,short,-59.00000000000091
2021-07-20 12:00:00 UTC,2021-07-20 12:08:00 UTC,short,93.99999999999864
2021-07-21 12:00:00 UTC,2021-07-21 16:55:00 UTC,long,12.999999999999545
2021-07-22 12:00:00 UTC,2021-07-22 16:55:00 UTC,long,12.999999999999545
2021-07-27 12:00:00 UTC,2021-07-27 16:55:00 UTC,short,15.99999999999909
2021-07-28 12:48:00 UTC,2021-07-28 16:55:00 UTC,long,60.0
2021-07-29 12:00:00 UTC,2021-07-29 16:55:00 UTC,long,2.9999999999995453
2021-07-30 12:08:00 UTC,2021-07-30 12:48:00 UTC,short,50.35841259101744
2021-08-02 12:00:00 UTC,2021-08-02 16:55:00 UTC,long,-2.0000000000004547
2021-08-04 12:00:00 UTC,2021-08-04 12:08:00 UTC,short,175.9999999999991
2021-08-05 12:00:00 UTC,2021-08-05 16:55:00 UTC,short,32.000000000000455
2021-08-06 12:00:00 UTC,2021-08-06 16:55:00 UTC,short,39.00000000000091
2021-08-09 12:00:00 UTC,2021-08-09 12:08:00 UTC,short,109.47353324664618
2021-08-10 12:00:00 UTC,2021-08-10 16:55:00 UTC,long,-28.00000000000182
2021-08-11 12:00:00 UTC,2021-08-11 16:55:00 UTC,long,34.00000000000091
2021-08-12 12:00:00 UTC,2021-08-12 16:55:00 UTC,long,14.00000000000091
2021-08-13 12:00:00 UTC,2021-08-13 12:08:00 UTC,long,111.99999999999818
2021-08-16 12:00:00 UTC,2021-08-16 16:55:00 UTC,long,25.0
2021-08-17 12:00:00 UTC,2021-08-17 16:55:00 UTC,short,-10.99999999999909
2021-08-18 12:16:00 UTC,2021-08-18 16:55:00 UTC,short,-48.999999999998636
2021-08-19 12:00:00 UTC,2021-08-19 16:55:00 UTC,short,34.00000000000091
2021-08-20 12:00:00 UTC,2021-08-20 12:48:00 UTC,long,-19.353128463360463
2021-08-25 12:00:00 UTC,2021-08-25 12:40:00 UTC,short,-27.231326500045725
2021-08-26 12:00:00 UTC,2021-08-26 16:55:00 UTC,long,21.000000000001364
2021-08-27 12:00:00 UTC,2021-08-27 12:08:00 UTC,long,150.9999999999991
2021-08-30 12:00:00 UTC,2021-08-30 16:55:00 UTC,short,7.999999999999545
2021-08-31 12:40:00 UTC,2021-08-31 16:55:00 UTC,long,20.0
2021-09-02 12:08:00 UTC,2021-09-02 16:55:00 UTC,short,-7.000000000000455
2021-09-03 12:00:00 UTC,2021-09-03 16:55:00 UTC,long,-9.00000000000091
2021-09-07 12:00:00 UTC,2021-09-07 12:08:00 UTC,short,112.00000000000045
2021-09-08 12:00:00 UTC,2021-09-08 16:55:00 UTC,short,38.00000000000182
2021-09-13 12:00:00 UTC,2021-09-13 16:55:00 UTC,long,-7.999999999999545
2021-09-14 12:00:00 UTC,2021-09-14 16:55:00 UTC,long,30.0
2021-09-15 12:16:00 UTC,2021-09-15 16:55:00 UTC,short,-7.000000000000455
2021-09-16 12:00:00 UTC,2021-09-16 16:55:00 UTC,short,2.0000000000004547
2021-09-20 12:00:00 UTC,2021-09-20 12:08:00 UTC,long,-19.92397055333413
2021-09-21 12:00:00 UTC,2021-09-21 16:55:00 UTC,long,-15.99999999999909
2021-09-22 12:00:00 UTC,2021-09-22 16:55:00 UTC,long,-91.99999999999818
2021-09-23 12:00:00 UTC,2021-09-23 16:55:00 UTC,short,86.00000000000136
2021-09-24 12:00:00 UTC,2021-09-24 16:55:00 UTC,long,34.00000000000091
2021-09-29 12:00:00 UTC,2021-09-29 12:32:00 UTC,short,74.72061573721248
2021-09-30 12:00:00 UTC,2021-09-30 12:08:00 UTC,long,158.00000000000182
2021-10-01 12:00:00 UTC,2021-10-01 16:55:00 UTC,long,0.0
2021-10-04 12:00:00 UTC,2021-10-04 12:08:00 UTC,long,127.00000000000045
2021-10-05 12:00:00 UTC,2021-10-05 16:55:00 UTC,long,17.000000000000455
2021-10-06 12:00:00 UTC,2021-10-06 16:55:00 UTC,long,7.999999999999545
2021-10-07 12:00:00 UTC,2021-10-07 16:55:00 UTC,long,-32.999999999999545
2021-10-08 12:00:00 UTC,2021-10-08 12:08:00 UTC,short,174.0000000000009
2021-10-13 12:00:00 UTC,2021-10-13 12:08:00 UTC,long,197.99999999999955
2021-10-19 12:00:00 UTC,2021-10-19 12:08:00 UTC,short,79.11734817678962
2021-10-22 12:00:00 UTC,2021-10-22 12:08:00 UTC,short,145.0
2021-10-25 12:00:00 UTC,2021-10-25 16:55:00 UTC,long,5.0
2021-11-02 12:00:00 UTC,2021-11-02 16:55:00 UTC,short,-1.0000000000013642
2021-11-03 12:00:00 UTC,2021-11-03 16:55:00 UTC,short,-45.0
2021-11-05 12:00:00 UTC,2021-11-05 16:55:00 UTC,long,127.99999999999955
2021-11-09 12:56:00 UTC,2021-11-09 16:55:00 UTC,long,9.00000000000091
2021-11-10 12:48:00 UTC,2021-11-10 16:55:00 UTC,short,13.999999999998636
2021-11-12 12:00:00 UTC,2021-11-12 16:55:00 UTC,long,43.999999999998636
2021-11-16 12:00:00 UTC,2021-11-16 16:55:00 UTC,short,77.00000000000045
2021-11-19 12:40:00 UTC,2021-11-19 16:55:00 UTC,short,52.000000000000455
2021-11-22 12:24:00 UTC,2021-11-22 16:55:00 UTC,short,52.999999999999545
2021-11-23 12:00:00 UTC,2021-11-23 16:55:00 UTC,short,-57.999999999999545
2021-11-24 12:00:00 UTC,2021-11-24 16:55:00 UTC,long,27.999999999999545
2021-11-25 12:16:00 UTC,2021-11-25 12:59:00 UTC,short,10.99999999999909
2021-11-26 12:00:00 UTC,2021-11-26 12:08:00 UTC,short,125.0
2021-11-29 12:16:00 UTC,2021-11-29 16:55:00 UTC,short,-20.99999999999909
2021-11-30 12:00:00 UTC,2021-11-30 12:08:00 UTC,short,207.99999999999955
2021-12-02 12:00:00 UTC,2021-12-02 16:55:00 UTC,short,7.000000000000455
2021-12-03 12:00:00 UTC,2021-12-03 16:55:00 UTC,long,92.99999999999955
2021-12-06 12:00:00 UTC,2021-12-06 12:48:00 UTC,long,-20.254929436378006
2021-12-07 12:00:00 UTC,2021-12-07 12:40:00 UTC,long,0.0
2021-12-08 12:48:00 UTC,2021-12-08 16:55:00 UTC,long,-20.0
2021-12-09 12:56:00 UTC,2021-12-09 16:55:00 UTC,short,-8.000000000001819
2021-12-14 12:00:00 UTC,2021-12-14 16:55:00 UTC,long,-4.0000000000009095
2021-12-16 12:00:00 UTC,2021-12-16 16:55:00 UTC,long,67.99999999999955
2021-12-20 12:08:00 UTC,2021-12-20 16:55:00 UTC,short,36.99999999999818
2021-12-21 12:00:00 UTC,2021-12-21 12:16:00 UTC,short,51.00418121870234
2021-12-22 12:00:00 UTC,2021-12-22 12:56:00 UTC,long,37.914207119054026
2021-12-23 12:48:00 UTC,2021-12-23 16:55:00 UTC,long,-7.999999999999545
2021-12-27 12:00:00 UTC,2021-12-27 12:08:00 UTC,long,-14.719202982162187
2021-12-29 12:00:00 UTC,2021-12-29 12:08:00 UTC,long,75.0
2021-12-30 12:00:00 UTC,2021-12-30 16:55:00 UTC,long,61.000000000001364
2022-01-03 12:00:00 UTC,2022-01-03 16:55:00 UTC,short,18.00000000000182
2022-01-04 12:00:00 UTC,2022-01-04 16:55:00 UTC,long,27.999999999999545
2022-01-05 12:00:00 UTC,2022-01-05 12:16:00 UTC,short,-18.864408153438035
2022-01-07 12:48:00 UTC,2022-01-07 16:55:00 UTC,long,2.0000000000004547
2022-01-10 12:32:00 UTC,2022-01-10 16:55:00 UTC,long,55.99999999999909
2022-01-11 12:00:00 UTC,2022-01-11 12:08:00 UTC,long,77.99999999999955
2022-01-12 12:00:00 UTC,2022-01-12 16:55:00 UTC,long,15.0
2022-01-13 12:00:00 UTC,2022-01-13 12:24:00 UTC,short,-16.907778274669454
2022-01-14 12:08:00 UTC,2022-01-14 16:55:00 UTC,short,1.999999999998181
2022-01-19 12:00:00 UTC,2022-01-19 12:08:00 UTC,long,142.00000000000045
2022-01-20 12:56:00 UTC,2022-01-20 16:55:00 UTC,short,19.00000000000091
2022-01-21 12:00:00 UTC,2022-01-21 12:08:00 UTC,short,51.74511532648921
2022-01-25 12:00:00 UTC,2022-01-25 12:56:00 UTC,long,57.110057107715875
2022-01-26 12:08:00 UTC,2022-01-26 16:55:00 UTC,short,116.99999999999818
2022-01-27 12:00:00 UTC,2022-01-27 16:55:00 UTC,short,-5.0
2022-02-01 12:40:00 UTC,2022-02-01 16:55:00 UTC,short,7.999999999999545
2022-02-02 12:00:00 UTC,2022-02-02 16:55:00 UTC,long,-3.000000000001819
2022-02-03 12:00:00 UTC,2022-02-03 12:40:00 UTC,long,-20.258909420870168
2022-02-04 12:00:00 UTC,2022-02-04 16:55:00 UTC,long,22.000000000000455
2022-02-07 12:00:00 UTC,2022-02-07 16:55:00 UTC,long,30.0
2022-02-08 12:00:00 UTC,2022-02-08 16:55:00 UTC,long,3.9999999999986358
2022-02-09 12:00:00 UTC,2022-02-09 12:24:00 UTC,long,53.030894953606094
2022-02-10 12:00:00 UTC,2022-02-10 12:08:00 UTC,long,89.00000000000091
2022-02-11 12:00:00 UTC,2022-02-11 12:08:00 UTC,long,61.34975177116303
2022-02-16 12:00:00 UTC,2022-02-16 16:55:00 UTC,long,45.0
2022-02-17 12:00:00 UTC,2022-02-17 16:55:00 UTC,long,32.999999999999545
2022-02-21 12:40:00 UTC,2022-02-21 14:29:00 UTC,long,70.0
2022-02-23 12:00:00 UTC,2022-02-23 12:08:00 UTC,long,62.000000000000455
2022-02-24 12:00:00 UTC,2022-02-24 12:08:00 UTC,short,215.0
2022-02-25 12:00:00 UTC,2022-02-25 16:55:00 UTC,short,-49.00000000000091
2022-02-28 12:00:00 UTC,2022-02-28 12:08:00 UTC,short,163.99999999999864
2022-03-01 12:00:00 UTC,2022-03-01 12:08:00 UTC,long,104.41069426116428
2022-03-02 12:00:00 UTC,2022-03-02 12:32:00 UTC,short,50.0
2022-03-04 12:00:00 UTC,2022-03-04 16:55:00 UTC,long,137.00000000000045
2022-03-07 12:00:00 UTC,2022-03-07 16:55:00 UTC,long,176.99999999999818
2022-03-08 12:00:00 UTC,2022-03-08 12:08:00 UTC,long,463.99999999999864
2022-03-09 12:00:00 UTC,2022-03-09 12:16:00 UTC,long,-84.67872778584479
2022-03-11 12:00:00 UTC,2022-03-11 12:08:00 UTC,long,161.00000000000136
2022-03-14 12:00:00 UTC,2022-03-14 12:56:00 UTC,short,-41.21635360585742
2022-03-15 12:00:00 UTC,2022-03-15 12:08:00 UTC,long,-50.447974157248154
2022-03-16 12:00:00 UTC,2022-03-16 12:40:00 UTC,short,50.0
2022-03-17 12:00:00 UTC,2022-03-17 12:16:00 UTC,long,-45.99409791871267
2022-03-21 12:00:00 UTC,2022-03-21 12:08:00 UTC,long,105.0
2022-03-22 12:00:00 UTC,2022-03-22 12:16:00 UTC,short,-31.289759230610343
2022-03-23 12:00:00 UTC,2022-03-23 12:16:00 UTC,short,-24.258231252704263
2022-03-24 12:00:00 UTC,2022-03-24 16:55:00 UTC,long,-17.999999999999545
2022-03-25 12:00:00 UTC,2022-03-25 16:55:00 UTC,long,-2.9999999999995453
2022-03-29 12:00:00 UTC,2022-03-29 12:16:00 UTC,long,135.6811225914521
2022-03-30 12:00:00 UTC,2022-03-30 16:55:00 UTC,long,10.0
2022-03-31 12:00:00 UTC,2022-03-31 12:24:00 UTC,long,-25.08618165803
2022-04-01 12:56:00 UTC,2022-04-01 16:55:00 UTC,short,-20.0
2022-04-05 12:00:00 UTC,2022-04-05 12:08:00 UTC,short,105.99999999999909
2022-04-07 12:00:00 UTC,2022-04-07 16:55:00 UTC,long,-10.99999999999909
2022-04-08 12:00:00 UTC,2022-04-08 16:55:00 UTC,long,62.000000000000455
2022-04-11 12:00:00 UTC,2022-04-11 12:16:00 UTC,short,100.9491473782623
2022-04-12 12:16:00 UTC,2022-04-12 16:55:00 UTC,long,-87.00000000000045
2022-04-14 12:00:00 UTC,2022-04-14 12:32:00 UTC,short,0.0
2022-04-18 12:00:00 UTC,2022-04-18 16:55:00 UTC,short,105.0
2022-04-19 12:00:00 UTC,2022-04-19 16:55:00 UTC,short,67.00000000000045
2022-04-20 12:00:00 UTC,2022-04-20 16:55:00 UTC,long,75.99999999999909
2022-04-21 12:00:00 UTC,2022-04-21 16:55:00 UTC,short,-82.00000000000045
2022-04-22 12:00:00 UTC,2022-04-22 12:16:00 UTC,long,-36.69389463185553
2022-04-26 12:00:00 UTC,2022-04-26 12:56:00 UTC,short,-29.493539440929908
2022-04-27 12:00:00 UTC,2022-04-27 16:55:00 UTC,short,29.00000000000091
2022-04-28 12:40:00 UTC,2022-04-28 16:55:00 UTC,long,42.999999999999545
2022-05-02 12:00:00 UTC,2022-05-02 16:55:00 UTC,long,-29.00000000000091
2022-05-03 12:00:00 UTC,2022-05-03 16:55:00 UTC,long,-20.0
2022-05-05 12:00:00 UTC,2022-05-05 12:08:00 UTC,short,242.99999999999955
2022-05-06 12:00:00 UTC,2022-05-06 16:55:00 UTC,long,2.9999999999995453
2022-05-09 12:00:00 UTC,2022-05-09 16:55:00 UTC,short,106.99999999999818
2022-05-10 12:00:00 UTC,2022-05-10 12:08:00 UTC,short,155.0
2022-05-11 12:00:00 UTC,2022-05-11 16:55:00 UTC,long,0.0
2022-05-12 12:00:00 UTC,2022-05-12 12:48:00 UTC,short,89.46553901012294
2022-05-13 12:00:00 UTC,2022-05-13 16:55:00 UTC,long,17.000000000000455
2022-05-16 12:00:00 UTC,2022-05-16 16:55:00 UTC,long,135.0
2022-05-17 12:00:00 UTC,2022-05-17 12:40:00 UTC,short,0.0
2022-05-18 12:00:00 UTC,2022-05-18 16:55:00 UTC,long,4.0000000000009095
2022-05-19 12:00:00 UTC,2022-05-19 16:55:00 UTC,long,-20.0
2022-05-23 12:00:00 UTC,2022-05-23 16:55:00 UTC,short,-26.000000000001364
2022-05-24 12:00:00 UTC,2022-05-24 16:55:00 UTC,long,21.99999999999818
2022-05-25 12:00:00 UTC,2022-05-25 16:55:00 UTC,short,-70.0
2022-05-26 12:56:00 UTC,2022-05-26 16:55:00 UTC,long,15.0
2022-05-27 12:00:00 UTC,2022-05-27 16:55:00 UTC,short,35.0
2022-05-31 12:00:00 UTC,2022-05-31 16:55:00 UTC,short,93.00000000000182
2022-06-02 12:00:00 UTC,2022-06-02 16:55:00 UTC,long,25.0
2022-06-03 12:00:00 UTC,2022-06-03 16:55:00 UTC,short,44.00000000000091
2022-06-06 12:00:00 UTC,2022-06-06 12:08:00 UTC,short,73.99999999999864
2022-06-07 12:00:00 UTC,2022-06-07 16:55:00 UTC,long,32.999999999999545
2022-06-08 12:00:00 UTC,2022-06-08 12:08:00 UTC,long,-18.894866996515702
2022-06-09 12:00:00 UTC,2022-06-09 12:24:00 UTC,short,-24.291704274103267
2022-06-10 12:00:00 UTC,2022-06-10 12:08:00 UTC,long,257.00000000000045
2022-06-13 12:00:00 UTC,2022-06-13 16:55:00 UTC,short,131.99999999999818
2022-06-14 12:00:00 UTC,2022-06-14 16:55:00 UTC,short,73.00000000000182
2022-06-15 12:00:00 UTC,2022-06-15 16:55:00 UTC,short,-113.99999999999864
2022-06-16 12:00:00 UTC,2022-06-16 12:08:00 UTC,long,126.00000000000136
2022-06-17 12:00:00 UTC,2022-06-17 16:55:00 UTC,short,10.0
2022-06-20 12:08:00 UTC,2022-06-20 14:29:00 UTC,short,-10.99999999999909
2022-06-23 12:00:00 UTC,2022-06-23 16:55:00 UTC,short,103.99999999999864
2022-06-27 12:00:00 UTC,2022-06-27 16:55:00 UTC,short,36.000000000001364
2022-06-28 12:00:00 UTC,2022-06-28 12:08:00 UTC,short,-18.708710435157627
2022-06-29 12:00:00 UTC,2022-06-29 12:08:00 UTC,short,71.63434726776131
2022-06-30 12:00:00 UTC,2022-06-30 16:55:00 UTC,short,67.99999999999955
2022-07-01 12:00:00 UTC,2022-07-01 16:55:00 UTC,long,109.00000000000091
2022-07-04 12:00:00 UTC,2022-07-04 14:28:00 UTC,short,-22.000000000000455
2022-07-05 12:00:00 UTC,2022-07-05 12:08:00 UTC,short,230.9999999999991
2022-07-06 12:00:00 UTC,2022-07-06 12:08:00 UTC,short,273.99999999999864
2022-07-13 12:00:00 UTC,2022-07-13 12:08:00 UTC,long,165.9999999999991
2022-07-14 12:00:00 UTC,2022-07-14 12:16:00 UTC,long,-38.06491688952292
2022-07-15 12:08:00 UTC,2022-07-15 16:55:00 UTC,short,-40.0
2022-07-18 12:00:00 UTC,2022-07-18 16:55:00 UTC,short,31.000000000001364
2022-07-19 12:00:00 UTC,2022-07-19 12:08:00 UTC,long,-18.682387079047658
2022-07-20 12:08:00 UTC,2022-07-20 16:55:00 UTC,short,102.00000000000045
2022-07-21 12:00:00 UTC,2022-07-21 16:55:00 UTC,long,101.99999999999818
2022-07-22 12:00:00 UTC,2022-07-22 16:55:00 UTC,long,-20.0
2022-07-25 12:00:00 UTC,2022-07-25 16:55:00 UTC,short,3.9999999999986358
2022-07-27 12:08:00 UTC,2022-07-27 16:55:00 UTC,long,142.00000000000045
2022-07-28 12:48:00 UTC,2022-07-28 16:55:00 UTC,long,14.00000000000091
2022-07-29 12:00:00 UTC,2022-07-29 16:55:00 UTC,long,52.000000000000455
2022-08-02 12:16:00 UTC,2022-08-02 16:55:00 UTC,short,132.99999999999955
2022-08-03 12:00:00 UTC,2022-08-03 12:08:00 UTC,short,68.39074833043242
2022-08-04 12:00:00 UTC,2022-08-04 12:16:00 UTC,long,87.8703106289754
2022-08-05 12:48:00 UTC,2022-08-05 16:55:00 UTC,long,12.999999999999545
2022-08-08 12:00:00 UTC,2022-08-08 16:55:00 UTC,long,49.00000000000091
2022-08-11 12:24:00 UTC,2022-08-11 16:55:00 UTC,short,-5.9999999999990905
2022-08-12 12:24:00 UTC,2022-08-12 16:55:00 UTC,long,42.999999999999545
2022-08-17 12:00:00 UTC,2022-08-17 16:55:00 UTC,short,45.0
2022-08-18 12:00:00 UTC,2022-08-18 16:55:00 UTC,short,31.000000000001364
2022-08-19 12:00:00 UTC,2022-08-19 16:55:00 UTC,short,56.000000000001364
2022-08-23 12:00:00 UTC,2022-08-23 12:08:00 UTC,long,80.99999999999909
2022-08-24 12:00:00 UTC,2022-08-24 12:08:00 UTC,long,60.0
2022-08-25 12:00:00 UTC,2022-08-25 12:56:00 UTC,short,-21.069443710161977
2022-08-26 12:00:00 UTC,2022-08-26 12:08:00 UTC,short,117.00000000000045
2022-08-30 12:00:00 UTC,2022-08-30 12:40:00 UTC,short,54.70907765118909
2022-08-31 12:00:00 UTC,2022-08-31 16:55:00 UTC,long,-43.00000000000182
2022-09-02 12:00:00 UTC,2022-09-02 16:55:00 UTC,long,-12.999999999999545
2022-09-06 12:00:00 UTC,2022-09-06 16:55:00 UTC,short,22.000000000000455
2022-09-07 12:00:00 UTC,2022-09-07 12:08:00 UTC,long,97.99999999999955
2022-09-08 12:00:00 UTC,2022-09-08 16:55:00 UTC,short,-9.00000000000091
2022-09-12 12:00:00 UTC,2022-09-12 12:40:00 UTC,long,-25.539644441857945
2022-09-13 12:56:00 UTC,2022-09-13 16:55:00 UTC,long,-38.00000000000182
2022-09-14 12:16:00 UTC,2022-09-14 16:55:00 UTC,short,47.000000000000455
2022-09-15 12:00:00 UTC,2022-09-15 12:08:00 UTC,short,177.00000000000045
2022-09-16 12:00:00 UTC,2022-09-16 12:08:00 UTC,long,120.99999999999909
2022-09-19 12:00:00 UTC,2022-09-19 16:55:00 UTC,long,72.00000000000045
2022-09-21 12:00:00 UTC,2022-09-21 12:48:00 UTC,short,58.088149714669726
2022-09-22 12:00:00 UTC,2022-09-22 16:55:00 UTC,short,35.0
2022-09-23 12:00:00 UTC,2022-09-23 16:55:00 UTC,short,16.000000000001364
2022-09-26 12:00:00 UTC,2022-09-26 12:08:00 UTC,short,99.00000000000091
2022-09-27 12:00:00 UTC,2022-09-27 16:55:00 UTC,short,37.000000000000455
2022-09-28 12:00:00 UTC,2022-09-28 12:08:00 UTC,long,108.99999999999864
2022-09-29 12:00:00 UTC,2022-09-29 12:56:00 UTC,long,0.0
2022-09-30 12:00:00 UTC,2022-09-30 12:08:00 UTC,long,-26.70428970210196
2022-10-03 12:00:00 UTC,2022-10-03 12:08:00 UTC,long,169.0000000000009
2022-10-04 12:00:00 UTC,2022-10-04 12:08:00 UTC,long,112.00000000000045
2022-10-05 12:56:00 UTC,2022-10-05 16:55:00 UTC,short,-87.00000000000045
2022-10-06 12:00:00 UTC,2022-10-06 12:24:00 UTC,short,-21.755745147559082
2022-10-07 12:08:00 UTC,2022-10-07 12:24:00 UTC,long,-39.09327276179056
2022-10-10 12:00:00 UTC,2022-10-10 16:55:00 UTC,short,27.000000000000455
2022-10-11 12:00:00 UTC,2022-10-11 12:08:00 UTC,long,82.00000000000045
2022-10-13 12:00:00 UTC,2022-10-13 16:55:00 UTC,long,104.00000000000091
2022-10-14 12:00:00 UTC,2022-10-14 12:08:00 UTC,short,91.57906874832634
2022-10-17 12:00:00 UTC,2022-10-17 16:55:00 UTC,short,118.99999999999864
2022-10-18 12:00:00 UTC,2022-10-18 12:40:00 UTC,short,0.0
2022-10-19 12:00:00 UTC,2022-10-19 16:55:00 UTC,short,17.000000000000455
2022-10-20 12:00:00 UTC,2022-10-20 12:40:00 UTC,long,0.0
2022-10-21 12:00:00 UTC,2022-10-21 12:08:00 UTC,long,118.99999999999864
2022-10-24 12:00:00 UTC,2022-10-24 16:55:00 UTC,long,-6.000000000001364
2022-10-26 12:00:00 UTC,2022-10-26 16:55:00 UTC,long,-15.99999999999909
2022-10-28 12:00:00 UTC,2022-10-28 16:55:00 UTC,short,-39.00000000000091
2022-10-31 12:00:00 UTC,2022-10-31 12:32:00 UTC,long,-19.46544788562278
2022-11-01 12:00:00 UTC,2022-11-01 12:24:00 UTC,short,65.2821518694509
2022-11-02 12:00:00 UTC,2022-11-02 12:08:00 UTC,short,73.00000000000182
2022-11-03 12:00:00 UTC,2022-11-03 16:55:00 UTC,long,62.999999999999545
2022-11-04 12:00:00 UTC,2022-11-04 16:55:00 UTC,long,128.99999999999864
2022-11-07 12:08:00 UTC,2022-11-07 16:55:00 UTC,short,12.999999999999545
2022-11-08 12:00:00 UTC,2022-11-08 12:08:00 UTC,long,365.0
2022-11-10 12:00:00 UTC,2022-11-10 16:55:00 UTC,long,116.00000000000136
2022-11-14 12:00:00 UTC,2022-11-14 16:55:00 UTC,long,47.999999999999545
2022-11-15 12:00:00 UTC,2022-11-15 12:32:00 UTC,short,-33.29398419149811
2022-11-16 12:00:00 UTC,2022-11-16 16:55:00 UTC,short,9.00000000000091
2022-11-18 12:08:00 UTC,2022-11-18 16:55:00 UTC,short,16.000000000001364
2022-11-21 12:00:00 UTC,2022-11-21 12:16:00 UTC,short,61.3601058218228
2022-11-22 12:16:00 UTC,2022-11-22 16:55:00 UTC,short,6.000000000001364
2022-11-23 12:00:00 UTC,2022-11-23 16:55:00 UTC,long,85.0
2022-11-25 12:00:00 UTC,2022-11-25 13:44:00 UTC,long,29.00000000000091
2022-11-28 12:00:00 UTC,2022-11-28 16:55:00 UTC,short,59.00000000000091
2022-11-30 12:00:00 UTC,2022-11-30 16:55:00 UTC,short,-160.9999999999991
2022-12-01 12:00:00 UTC,2022-12-01 16:55:00 UTC,long,10.0
2022-12-02 12:00:00 UTC,2022-12-02 16:55:00 UTC,long,105.0
2022-12-05 12:00:00 UTC,2022-12-05 12:08:00 UTC,short,159.0000000000009
2022-12-06 12:00:00 UTC,2022-12-06 16:55:00 UTC,short,20.0
2022-12-09 12:00:00 UTC,2022-12-09 12:40:00 UTC,long,0.0
2022-12-12 12:00:00 UTC,2022-12-12 16:55:00 UTC,short,29.00000000000091
2022-12-13 12:00:00 UTC,2022-12-13 16:55:00 UTC,short,4.0000000000009095
2022-12-16 12:00:00 UTC,2022-12-16 12:40:00 UTC,long,0.0
2022-12-19 12:00:00 UTC,2022-12-19 12:48:00 UTC,short,-13.8935837572717
2022-12-20 12:00:00 UTC,2022-12-20 12:08:00 UTC,long,95.0
2022-12-22 12:00:00 UTC,2022-12-22 12:56:00 UTC,short,72.28404797041549
2022-12-23 12:00:00 UTC,2022-12-23 12:56:00 UTC,long,0.0
2022-12-27 12:00:00 UTC,2022-12-27 12:08:00 UTC,long,130.0
2022-12-28 12:00:00 UTC,2022-12-28 12:24:00 UTC,short,-20.088626089882382
2022-12-29 12:00:00 UTC,2022-12-29 16:55:00 UTC,long,-7.000000000000455
2022-12-30 12:00:00 UTC,2022-12-30 12:24:00 UTC,short,-22.150712833433772
2023-01-03 12:00:00 UTC,2023-01-03 12:24:00 UTC,short,-28.1519601218929
2023-01-04 12:40:00 UTC,2023-01-04 16:55:00 UTC,short,-2.0000000000004547
2023-01-05 12:00:00 UTC,2023-01-05 16:55:00 UTC,short,-11.999999999998181
2023-01-06 12:00:00 UTC,2023-01-06 12:08:00 UTC,long,135.0
2023-01-09 12:08:00 UTC,2023-01-09 16:55:00 UTC,short,10.0
2023-01-10 12:00:00 UTC,2023-01-10 12:32:00 UTC,short,-21.29257276068074
2023-01-11 12:00:00 UTC,2023-01-11 16:55:00 UTC,short,-10.0
2023-01-13 12:00:00 UTC,2023-01-13 12:08:00 UTC,long,67.71854578870489
2023-01-17 12:08:00 UTC,2023-01-17 12:40:00 UTC,short,63.59556712600806
2023-01-18 12:00:00 UTC,2023-01-18 12:08:00 UTC,short,131.00000000000136
2023-01-19 12:00:00 UTC,2023-01-19 16:55:00 UTC,long,125.0
2023-01-23 12:48:00 UTC,2023-01-23 16:55:00 UTC,long,75.0
2023-01-24 12:00:00 UTC,2023-01-24 16:55:00 UTC,long,40.99999999999909
2023-01-25 12:00:00 UTC,2023-01-25 12:24:00 UTC,long,65.81841594384514
2023-01-26 12:00:00 UTC,2023-01-26 16:55:00 UTC,short,38.999999999998636
2023-01-30 12:00:00 UTC,2023-01-30 16:55:00 UTC,short,20.99999999999909
2023-01-31 12:00:00 UTC,2023-01-31 16:55:00 UTC,long,22.000000000000455
2023-02-01 12:00:00 UTC,2023-02-01 12:08:00 UTC,short,59.342849439397014
2023-02-02 12:00:00 UTC,2023-02-02 12:08:00 UTC,short,222.00000000000045
2023-02-03 12:00:00 UTC,2023-02-03 16:55:00 UTC,short,80.0
2023-02-06 12:00:00 UTC,2023-02-06 16:55:00 UTC,short,10.0
2023-02-07 12:00:00 UTC,2023-02-07 12:32:00 UTC,long,0.0
2023-02-08 12:00:00 UTC,2023-02-08 16:55:00 UTC,short,-0.9999999999990905
2023-02-09 12:00:00 UTC,2023-02-09 12:24:00 UTC,short,73.72027923973747
2023-02-10 12:00:00 UTC,2023-02-10 12:24:00 UTC,short,0.0
2023-02-13 12:00:00 UTC,2023-02-13 12:16:00 UTC,short,-21.48523845459522
2023-02-16 12:00:00 UTC,2023-02-16 16:55:00 UTC,long,-22.999999999999545
2023-02-17 12:00:00 UTC,2023-02-17 12:08:00 UTC,long,112.00000000000045
2023-02-20 12:00:00 UTC,2023-02-20 14:29:00 UTC,short,22.999999999999545
2023-02-21 12:00:00 UTC,2023-02-21 12:32:00 UTC,short,0.0
2023-02-22 12:00:00 UTC,2023-02-22 12:48:00 UTC,short,0.0
2023-02-23 12:00:00 UTC,2023-02-23 16:55:00 UTC,short,-0.9999999999990905
2023-02-27 12:40:00 UTC,2023-02-27 16:55:00 UTC,long,-17.999999999999545
2023-02-28 12:00:00 UTC,2023-02-28 12:08:00 UTC,long,110.0
2023-03-06 12:32:00 UTC,2023-03-06 16:55:00 UTC,short,16.99999999999818
2023-03-07 12:00:00 UTC,2023-03-07 12:08:00 UTC,short,97.99999999999955
2023-03-10 12:00:00 UTC,2023-03-10 16:55:00 UTC,long,129.0000000000009
2023-03-13 12:00:00 UTC,2023-03-13 16:55:00 UTC,long,95.0
2023-03-15 12:16:00 UTC,2023-03-15 16:55:00 UTC,long,-142.00000000000045
2023-03-16 12:00:00 UTC,2023-03-16 12:24:00 UTC,short,50.0
2023-03-17 12:00:00 UTC,2023-03-17 12:56:00 UTC,long,99.59324722800602
2023-03-20 12:00:00 UTC,2023-03-20 12:08:00 UTC,short,-38.185183698137735
2023-03-21 12:00:00 UTC,2023-03-21 12:08:00 UTC,short,98.71548412533684
2023-03-22 12:00:00 UTC,2023-03-22 16:55:00 UTC,long,235.0
2023-03-23 12:00:00 UTC,2023-03-23 12:24:00 UTC,long,119.91620225792985
2023-03-24 12:00:00 UTC,2023-03-24 16:55:00 UTC,short,157.00000000000045
2023-03-27 12:00:00 UTC,2023-03-27 16:55:00 UTC,long,35.99999999999909
2023-03-28 12:00:00 UTC,2023-03-28 16:55:00 UTC,long,81.00000000000136
2023-03-30 12:00:00 UTC,2023-03-30 12:24:00 UTC,long,91.54258214813808
2023-04-03 12:00:00 UTC,2023-04-03 12:08:00 UTC,long,87.00000000000045
2023-04-04 12:00:00 UTC,2023-04-04 12:08:00 UTC,long,335.0
2023-04-05 12:00:00 UTC,2023-04-05 16:55:00 UTC,short,24.00000000000091
2023-04-11 12:00:00 UTC,2023-04-11 16:55:00 UTC,long,7.999999999999545
2023-04-12 12:00:00 UTC,2023-04-12 16:55:00 UTC,short,-27.999999999999545
2023-04-13 12:00:00 UTC,2023-04-13 16:55:00 UTC,short,-23.00000000000182
2023-04-14 12:00:00 UTC,2023-04-14 12:08:00 UTC,short,227.00000000000045
2023-04-17 12:00:00 UTC,2023-04-17 12:08:00 UTC,short,83.16008455982455
2023-04-18 12:00:00 UTC,2023-04-18 16:55:00 UTC,long,25.99999999999909
2023-04-19 12:00:00 UTC,2023-04-19 16:55:00 UTC,long,37.999999999999545
2023-04-21 12:00:00 UTC,2023-04-21 12:08:00 UTC,short,121.00000000000136
2023-04-24 12:24:00 UTC,2023-04-24 12:48:00 UTC,long,-20.228071251035544
2023-04-26 12:00:00 UTC,2023-04-26 12:16:00 UTC,short,88.40920184713468
2023-04-28 12:00:00 UTC,2023-04-28 16:55:00 UTC,long,-17.000000000000455
2023-05-01 12:00:00 UTC,2023-05-01 12:08:00 UTC,short,169.0000000000009
2023-05-02 12:00:00 UTC,2023-05-02 12:08:00 UTC,long,262.99999999999955
2023-05-03 12:00:00 UTC,2023-05-03 16:55:00 UTC,long,185.00000000000227
2023-05-04 12:00:00 UTC,2023-05-04 12:08:00 UTC,long,125.0
2023-05-05 12:00:00 UTC,2023-05-05 16:55:00 UTC,long,25.99999999999909
2023-05-08 12:00:00 UTC,2023-05-08 16:55:00 UTC,long,-47.999999999999545
2023-05-09 12:00:00 UTC,2023-05-09 12:56:00 UTC,long,62.86569364951674
2023-05-10 12:00:00 UTC,2023-05-10 16:55:00 UTC,short,6.999999999998181
2023-05-11 12:00:00 UTC,2023-05-11 12:08:00 UTC,short,101.99999999999818
2023-05-12 12:00:00 UTC,2023-05-12 12:48:00 UTC,short,0.0
2023-05-15 12:32:00 UTC,2023-05-15 16:55:00 UTC,long,-35.0
2023-05-16 12:00:00 UTC,2023-05-16 12:08:00 UTC,short,108.00000000000182
2023-05-17 12:00:00 UTC,2023-05-17 12:40:00 UTC,short,-22.910636289018385
2023-05-18 12:00:00 UTC,2023-05-18 16:55:00 UTC,short,-14.00000000000091
2023-05-19 12:00:00 UTC,2023-05-19 12:08:00 UTC,long,102.00000000000045
2023-05-23 12:32:00 UTC,2023-05-23 16:55:00 UTC,long,35.0
2023-05-24 12:00:00 UTC,2023-05-24 12:08:00 UTC,short,100.0
2023-05-25 12:16:00 UTC,2023-05-25 16:55:00 UTC,short,35.99999999999909
2023-05-26 12:00:00 UTC,2023-05-26 16:55:00 UTC,short,-17.000000000000455
2023-05-29 12:00:00 UTC,2023-05-29 14:28:00 UTC,short,25.99999999999909
2023-05-30 12:00:00 UTC,2023-05-30 12:56:00 UTC,long,0.0
2023-05-31 12:00:00 UTC,2023-05-31 12:32:00 UTC,long,-18.558921786291194
2023-06-01 12:00:00 UTC,2023-06-01 16:55:00 UTC,long,33.999999999998636
2023-06-02 12:00:00 UTC,2023-06-02 12:08:00 UTC,short,118.99999999999864
2023-06-05 12:00:00 UTC,2023-06-05 12:08:00 UTC,long,120.0
2023-06-06 12:00:00 UTC,2023-06-06 12:08:00 UTC,long,-19.341354259227046
2023-06-07 12:00:00 UTC,2023-06-07 12:08:00 UTC,short,100.0
2023-06-08 12:00:00 UTC,2023-06-08 16:55:00 UTC,long,0.0
2023-06-12 12:08:00 UTC,2023-06-12 16:55:00 UTC,short,-23.999999999998636
2023-06-13 12:00:00 UTC,2023-06-13 16:55:00 UTC,short,125.0
2023-06-15 12:00:00 UTC,2023-06-15 12:08:00 UTC,long,135.0
2023-06-16 12:16:00 UTC,2023-06-16 16:55:00 UTC,short,-30.0
2023-06-20 12:00:00 UTC,2023-06-20 12:16:00 UTC,short,-24.75772154294191
2023-06-21 12:00:00 UTC,2023-06-21 16:55:00 UTC,long,5.9999999999990905
2023-06-22 12:00:00 UTC,2023-06-22 16:55:00 UTC,short,38.999999999998636
2023-06-23 12:00:00 UTC,2023-06-23 12:32:00 UTC,short,76.68656651100036
2023-06-26 12:48:00 UTC,2023-06-26 16:55:00 UTC,short,4.0000000000009095
2023-06-27 12:00:00 UTC,2023-06-27 12:08:00 UTC,short,116.99999999999818
2023-06-29 12:00:00 UTC,2023-06-29 12:08:00 UTC,long,97.00000000000045
2023-06-30 12:00:00 UTC,2023-06-30 16:55:00 UTC,long,30.0
2023-07-04 12:32:00 UTC,2023-07-04 14:29:00 UTC,short,-15.0
2023-07-05 12:00:00 UTC,2023-07-05 16:55:00 UTC,short,112.99999999999955
2023-07-07 12:00:00 UTC,2023-07-07 16:55:00 UTC,long,-22.000000000000455
2023-07-10 12:32:00 UTC,2023-07-10 16:55:00 UTC,long,2.0000000000004547
2023-07-11 12:00:00 UTC,2023-07-11 12:32:00 UTC,short,-20.405463894705917
2023-07-12 12:00:00 UTC,2023-07-12 16:55:00 UTC,long,17.999999999999545
2023-07-13 12:00:00 UTC,2023-07-13 12:16:00 UTC,short,-23.889569912848856
2023-07-17 12:00:00 UTC,2023-07-17 16:55:00 UTC,long,18.999999999998636
2023-07-18 12:00:00 UTC,2023-07-18 16:55:00 UTC,long,50.99999999999909
2023-07-19 12:00:00 UTC,2023-07-19 12:40:00 UTC,short,-18.416587909291593
2023-07-20 12:00:00 UTC,2023-07-20 16:55:00 UTC,short,20.0
2023-07-24 12:00:00 UTC,2023-07-24 16:55:00 UTC,short,55.0
2023-07-25 12:00:00 UTC,2023-07-25 12:56:00 UTC,long,0.0
2023-07-26 12:00:00 UTC,2023-07-26 12:32:00 UTC,long,-17.431922903699615
2023-07-27 12:00:00 UTC,2023-07-27 16:55:00 UTC,short,57.000000000000455
2023-07-28 12:00:00 UTC,2023-07-28 16:55:00 UTC,long,12.999999999999545
2023-07-31 12:00:00 UTC,2023-07-31 16:55:00 UTC,long,-42.000000000000455
2023-08-01 12:00:00 UTC,2023-08-01 16:55:00 UTC,short,-14.00000000000091
2023-08-02 12:00:00 UTC,2023-08-02 12:32:00 UTC,short,67.69806904333564
2023-08-07 12:00:00 UTC,2023-08-07 16:55:00 UTC,short,4.0000000000009095
2023-08-09 12:00:00 UTC,2023-08-09 12:08:00 UTC,short,46.16303015860467
2023-08-14 12:00:00 UTC,2023-08-14 16:55:00 UTC,long,-46.99999999999818
2023-08-16 12:56:00 UTC,2023-08-16 16:55:00 UTC,short,60.99999999999909
2023-08-17 12:00:00 UTC,2023-08-17 12:08:00 UTC,short,75.16176663778651
2023-08-18 12:48:00 UTC,2023-08-18 16:55:00 UTC,short,-6.999999999998181
2023-08-21 12:00:00 UTC,2023-08-21 12:48:00 UTC,short,0.0
2023-08-22 12:00:00 UTC,2023-08-22 12:32:00 UTC,long,-16.92996276219901
2023-08-23 12:00:00 UTC,2023-08-23 12:32:00 UTC,long,62.50318098506341
2023-08-24 12:00:00 UTC,2023-08-24 16:55:00 UTC,long,2.9999999999995453
2023-08-25 12:00:00 UTC,2023-08-25 16:55:00 UTC,short,-24.00000000000091
2023-08-28 12:00:00 UTC,2023-08-28 12:08:00 UTC,long,70.0
2023-08-29 12:00:00 UTC,2023-08-29 12:08:00 UTC,long,172.00000000000045
2023-09-01 12:00:00 UTC,2023-09-01 16:55:00 UTC,short,48.999999999998636
2023-09-05 12:00:00 UTC,2023-09-05 16:55:00 UTC,short,20.0
2023-09-06 12:00:00 UTC,2023-09-06 12:48:00 UTC,short,0.0
2023-09-08 12:00:00 UTC,2023-09-08 16:55:00 UTC,short,0.0
2023-09-11 12:00:00 UTC,2023-09-11 16:55:00 UTC,short,41.000000000001364
2023-09-12 12:00:00 UTC,2023-09-12 16:55:00 UTC,long,7.999999999999545
2023-09-14 12:00:00 UTC,2023-09-14 16:55:00 UTC,long,17.000000000000455
2023-09-15 12:08:00 UTC,2023-09-15 12:24:00 UTC,long,-20.064093728219632
2023-09-18 12:00:00 UTC,2023-09-18 12:08:00 UTC,long,-14.547630967804253
2023-09-19 12:32:00 UTC,2023-09-19 16:55:00 UTC,short,3.000000000001819
2023-09-20 12:00:00 UTC,2023-09-20 12:08:00 UTC,long,62.999999999999545
2023-09-21 12:24:00 UTC,2023-09-21 16:55:00 UTC,long,10.0
2023-09-25 12:00:00 UTC,2023-09-25 12:08:00 UTC,short,33.58412847202089
2023-09-26 12:00:00 UTC,2023-09-26 16:55:00 UTC,short,27.999999999999545
2023-09-27 12:00:00 UTC,2023-09-27 12:08:00 UTC,short,70.0
2023-09-28 12:00:00 UTC,2023-09-28 12:08:00 UTC,short,71.00000000000136
2023-09-29 12:00:00 UTC,2023-09-29 12:08:00 UTC,short,184.0000000000009
2023-10-02 12:00:00 UTC,2023-10-02 16:55:00 UTC,short,40.0
2023-10-03 12:32:00 UTC,2023-10-03 12:40:00 UTC,long,-18.988089614986166
2023-10-04 12:56:00 UTC,2023-10-04 16:55:00 UTC,short,-4.0000000000009095
2023-10-06 12:00:00 UTC,2023-10-06 16:55:00 UTC,long,40.0
2023-10-09 12:00:00 UTC,2023-10-09 16:55:00 UTC,long,116.00000000000136
2023-10-10 12:00:00 UTC,2023-10-10 12:16:00 UTC,long,0.0
2023-10-11 12:08:00 UTC,2023-10-11 12:56:00 UTC,long,-22.1477576013217
2023-10-12 12:00:00 UTC,2023-10-12 16:55:00 UTC,short,49.00000000000091
2023-10-13 12:00:00 UTC,2023-10-13 12:56:00 UTC,long,123.03980428744126
2023-10-16 12:00:00 UTC,2023-10-16 16:55:00 UTC,long,-5.0
2023-10-18 12:00:00 UTC,2023-10-18 12:24:00 UTC,short,-30.2131216436851
2023-10-19 12:00:00 UTC,2023-10-19 12:24:00 UTC,long,0.0
2023-10-20 12:00:00 UTC,2023-10-20 12:08:00 UTC,long,68.37049784240662
2023-10-24 12:00:00 UTC,2023-10-24 12:24:00 UTC,long,75.63139526884697
2023-10-25 12:08:00 UTC,2023-10-25 12:24:00 UTC,long,-20.191835415230344
2023-10-26 12:00:00 UTC,2023-10-26 16:55:00 UTC,long,39.00000000000091
2023-10-31 12:00:00 UTC,2023-10-31 12:08:00 UTC,short,58.545709217967214
2023-11-01 12:00:00 UTC,2023-11-01 16:55:00 UTC,short,-22.000000000000455
2023-11-02 12:00:00 UTC,2023-11-02 16:55:00 UTC,short,-37.000000000000455
2023-11-06 12:00:00 UTC,2023-11-06 16:55:00 UTC,short,50.99999999999909
2023-11-07 12:24:00 UTC,2023-11-07 12:56:00 UTC,short,-25.070345492206343
2023-11-08 12:00:00 UTC,2023-11-08 12:16:00 UTC,short,52.78613847160614
2023-11-09 12:00:00 UTC,2023-11-09 12:08:00 UTC,long,77.99999999999955
2023-11-10 12:00:00 UTC,2023-11-10 16:55:00 UTC,short,40.99999999999909
2023-11-13 12:00:00 UTC,2023-11-13 12:08:00 UTC,long,80.99999999999909
2023-11-16 12:00:00 UTC,2023-11-16 12:16:00 UTC,long,70.2514498992673
2023-11-17 12:00:00 UTC,2023-11-17 16:55:00 UTC,short,7.000000000000455
2023-11-20 12:00:00 UTC,2023-11-20 12:56:00 UTC,long,59.24251427014042
2023-11-22 12:00:00 UTC,2023-11-22 12:08:00 UTC,short,77.00000000000045
2023-11-27 12:08:00 UTC,2023-11-27 16:55:00 UTC,short,-45.99999999999909
2023-11-28 12:00:00 UTC,2023-11-28 12:08:00 UTC,long,100.99999999999909
2023-11-29 12:00:00 UTC,2023-11-29 16:55:00 UTC,long,4.0000000000009095
2023-11-30 12:24:00 UTC,2023-11-30 12:48:00 UTC,long,-28.407772593704976
2023-12-01 12:00:00 UTC,2023-12-01 12:08:00 UTC,long,175.9999999999991
2023-12-04 12:00:00 UTC,2023-12-04 12:08:00 UTC,short,135.9999999999991
2023-12-05 12:00:00 UTC,2023-12-05 12:32:00 UTC,short,0.0
2023-12-06 12:24:00 UTC,2023-12-06 12:40:00 UTC,short,-27.12761862534535
2023-12-07 12:00:00 UTC,2023-12-07 12:08:00 UTC,short,81.10095549829566
2023-12-08 12:00:00 UTC,2023-12-08 16:55:00 UTC,short,-32.999999999999545
2023-12-11 12:00:00 UTC,2023-12-11 12:08:00 UTC,short,68.87435197012564
2023-12-12 12:08:00 UTC,2023-12-12 16:55:00 UTC,short,-11.000000000001364
2023-12-14 12:56:00 UTC,2023-12-14 16:55:00 UTC,short,-28.00000000000182
2023-12-18 12:48:00 UTC,2023-12-18 12:56:00 UTC,long,58.94011939799839
2023-12-19 12:00:00 UTC,2023-12-19 12:08:00 UTC,long,94.00000000000091
2023-12-20 12:32:00 UTC,2023-12-20 12:40:00 UTC,short,-20.30697063337584
2023-12-22 12:00:00 UTC,2023-12-22 12:08:00 UTC,short,90.0
2023-12-26 12:48:00 UTC,2023-12-26 16:55:00 UTC,short,-102.99999999999727
2023-12-27 12:00:00 UTC,2023-12-27 12:08:00 UTC,long,56.053580167531436
2023-12-29 12:00:00 UTC,2023-12-29 12:56:00 UTC,long,0.0
2024-01-02 12:16:00 UTC,2024-01-02 16:55:00 UTC,short,43.00000000000182
2024-01-03 12:00:00 UTC,2024-01-03 16:55:00 UTC,short,-90.0
2024-01-04 12:00:00 UTC,2024-01-04 12:16:00 UTC,long,-21.63623290878604
2024-01-08 12:00:00 UTC,2024-01-08 16:55:00 UTC,long,32.999999999999545
2024-01-09 12:00:00 UTC,2024-01-09 16:55:00 UTC,short,38.999999999998636
2024-01-10 12:00:00 UTC,2024-01-10 16:55:00 UTC,short,26.99999999999818
2024-01-11 12:00:00 UTC,2024-01-11 16:55:00 UTC,short,-56.99999999999818
2024-01-12 12:00:00 UTC,2024-01-12 12:32:00 UTC,short,102.32722012787917
2024-01-15 12:24:00 UTC,2024-01-15 14:29:00 UTC,long,-3.000000000001819
2024-01-16 12:00:00 UTC,2024-01-16 12:08:00 UTC,short,102.00000000000045
2024-01-17 12:00:00 UTC,2024-01-17 12:08:00 UTC,short,83.99999999999864
2024-01-18 12:00:00 UTC,2024-01-18 16:55:00 UTC,long,85.0
2024-01-19 12:00:00 UTC,2024-01-19 12:32:00 UTC,short,0.0
2024-01-24 12:00:00 UTC,2024-01-24 12:08:00 UTC,short,130.0
2024-01-25 12:00:00 UTC,2024-01-25 16:55:00 UTC,short,-25.0
2024-01-26 12:00:00 UTC,2024-01-26 16:55:00 UTC,short,-5.0
2024-01-29 12:00:00 UTC,2024-01-29 12:24:00 UTC,short,-28.856434993574567
2024-01-30 12:00:00 UTC,2024-01-30 16:55:00 UTC,short,-2.0000000000027285
2024-01-31 12:00:00 UTC,2024-01-31 16:55:00 UTC,long,-92.99999999999727
2024-02-01 12:00:00 UTC,2024-02-01 12:08:00 UTC,long,105.99999999999909
2024-02-02 12:00:00 UTC,2024-02-02 16:55:00 UTC,long,62.00000000000273
2024-02-05 12:00:00 UTC,2024-02-05 16:55:00 UTC,long,42.999999999999545
2024-02-06 12:00:00 UTC,2024-02-06 12:24:00 UTC,long,0.0
2024-02-09 12:00:00 UTC,2024-02-09 12:56:00 UTC,short,-27.790771955255877
2024-02-13 12:16:00 UTC,2024-02-13 16:55:00 UTC,short,12.000000000000455
2024-02-14 12:40:00 UTC,2024-02-14 16:55:00 UTC,long,-15.0
2024-02-16 12:00:00 UTC,2024-02-16 12:32:00 UTC,long,77.64911983827005
2024-02-21 12:00:00 UTC,2024-02-21 12:56:00 UTC,short,41.6494556051407
2024-02-22 12:00:00 UTC,2024-02-22 12:24:00 UTC,short,-19.957293732798007
2024-02-23 12:00:00 UTC,2024-02-23 12:08:00 UTC,long,109.00000000000091
2024-02-27 12:08:00 UTC,2024-02-27 12:56:00 UTC,short,-15.112842756502687
2024-02-29 12:08:00 UTC,2024-02-29 16:55:00 UTC,short,7.0000000000027285
2024-03-01 12:00:00 UTC,2024-03-01 12:08:00 UTC,long,254.0000000000009
2024-03-04 12:00:00 UTC,2024-03-04 12:08:00 UTC,long,151.99999999999818
2024-03-06 12:00:00 UTC,2024-03-06 12:24:00 UTC,long,-29.35721409679445
2024-03-07 12:56:00 UTC,2024-03-07 16:55:00 UTC,long,0.0
2024-03-08 12:00:00 UTC,2024-03-08 12:08:00 UTC,long,145.53366413340427
2024-03-11 12:00:00 UTC,2024-03-11 12:32:00 UTC,long,-23.548912925125478
2024-03-13 12:00:00 UTC,2024-03-13 12:56:00 UTC,long,70.59404822140095
2024-03-14 12:00:00 UTC,2024-03-14 16:55:00 UTC,short,-38.99999999999636
2024-03-20 12:00:00 UTC,2024-03-20 16:55:00 UTC,long,285.0
2024-03-21 12:00:00 UTC,2024-03-21 12:08:00 UTC,short,230.0
2024-03-22 12:00:00 UTC,2024-03-22 12:40:00 UTC,short,77.24592020807904
2024-03-26 12:00:00 UTC,2024-03-26 12:08:00 UTC,short,107.99999999999727
2024-03-27 12:00:00 UTC,2024-03-27 16:55:00 UTC,long,44.00000000000091
2024-03-28 12:16:00 UTC,2024-03-28 16:55:00 UTC,long,150.0
2024-04-01 12:00:00 UTC,2024-04-01 12:08:00 UTC,short,110.75136280357583
2024-04-03 12:00:00 UTC,2024-04-03 12:16:00 UTC,long,109.05225165557567
2024-04-04 12:00:00 UTC,2024-04-04 12:16:00 UTC,long,-32.35408489998463
2024-04-05 12:00:00 UTC,2024-04-05 12:08:00 UTC,long,278.0000000000018
2024-04-09 12:00:00 UTC,2024-04-09 16:55:00 UTC,short,-45.0
2024-04-10 12:00:00 UTC,2024-04-10 16:55:00 UTC,long,-61.99999999999818
2024-04-11 12:40:00 UTC,2024-04-11 16:55:00 UTC,long,275.9999999999991
2024-04-12 12:00:00 UTC,2024-04-12 12:16:00 UTC,short,137.37246715999845
2024-04-15 12:00:00 UTC,2024-04-15 12:40:00 UTC,short,-51.05715757827966
2024-04-16 12:00:00 UTC,2024-04-16 12:40:00 UTC,long,138.09957012188988
2024-04-17 12:00:00 UTC,2024-04-17 12:32:00 UTC,short,103.98085980096312
2024-04-19 12:00:00 UTC,2024-04-19 12:48:00 UTC,long,102.48497374589533
2024-04-22 12:48:00 UTC,2024-04-22 16:55:00 UTC,short,35.0
2024-04-23 12:00:00 UTC,2024-04-23 16:55:00 UTC,long,33.00000000000182
2024-04-25 12:00:00 UTC,2024-04-25 12:16:00 UTC,long,-50.95561970743347
2024-04-26 12:00:00 UTC,2024-04-26 16:55:00 UTC,short,7.0000000000027285
2024-04-29 12:00:00 UTC,2024-04-29 12:16:00 UTC,long,85.71347859824982
2024-04-30 12:00:00 UTC,2024-04-30 16:55:00 UTC,short,145.9999999999991
2024-05-01 12:00:00 UTC,2024-05-01 12:16:00 UTC,long,-30.829979503473623
2024-05-02 12:00:00 UTC,2024-05-02 16:55:00 UTC,long,72.00000000000273
2024-05-06 12:32:00 UTC,2024-05-06 12:48:00 UTC,short,-39.645275947245864
2024-05-07 12:00:00 UTC,2024-05-07 16:55:00 UTC,short,13.000000000001819
2024-05-08 12:00:00 UTC,2024-05-08 16:55:00 UTC,long,-85.99999999999909
2024-05-09 12:00:00 UTC,2024-05-09 16:55:00 UTC,long,180.9999999999991
2024-05-13 12:00:00 UTC,2024-05-13 16:55:00 UTC,short,65.99999999999909
2024-05-14 12:48:00 UTC,2024-05-14 16:55:00 UTC,long,35.99999999999909
2024-05-15 12:00:00 UTC,2024-05-15 16:55:00 UTC,long,96.99999999999818
2024-05-16 12:40:00 UTC,2024-05-16 16:55:00 UTC,long,-70.99999999999909
2024-05-17 12:00:00 UTC,2024-05-17 12:56:00 UTC,long,0.0
2024-05-20 12:00:00 UTC,2024-05-20 16:55:00 UTC,long,7.9999999999972715
2024-05-21 12:00:00 UTC,2024-05-21 16:55:00 UTC,short,-0.9999999999990905
2024-05-22 12:00:00 UTC,2024-05-22 12:08:00 UTC,short,124.00000000000091
2024-05-23 12:00:00 UTC,2024-05-23 12:08:00 UTC,short,135.9999999999991
2024-05-24 12:00:00 UTC,2024-05-24 16:55:00 UTC,short,46.00000000000364
2024-05-27 12:00:00 UTC,2024-05-27 14:29:00 UTC,long,-29.00000000000091
2024-05-29 12:00:00 UTC,2024-05-29 12:56:00 UTC,short,-32.32032609138969
2024-05-30 12:48:00 UTC,2024-05-30 16:55:00 UTC,long,-51.00000000000364
2024-05-31 12:00:00 UTC,2024-05-31 12:08:00 UTC,short,158.99999999999636
2024-06-03 12:00:00 UTC,2024-06-03 12:32:00 UTC,long,84.40471158679429
2024-06-04 12:00:00 UTC,2024-06-04 16:55:00 UTC,short,36.99999999999818
2024-06-05 12:00:00 UTC,2024-06-05 16:55:00 UTC,long,77.99999999999727
2024-06-06 12:00:00 UTC,2024-06-06 16:55:00 UTC,long,72.00000000000273
2024-06-07 12:00:00 UTC,2024-06-07 12:40:00 UTC,short,50.0
2024-06-10 12:00:00 UTC,2024-06-10 16:55:00 UTC,long,13.999999999996362
2024-06-11 12:16:00 UTC,2024-06-11 12:56:00 UTC,short,-30.899835804639224
2024-06-13 12:00:00 UTC,2024-06-13 12:08:00 UTC,short,168.00000000000182
2024-06-17 12:00:00 UTC,2024-06-17 16:55:00 UTC,short,-0.9999999999990905
2024-06-18 12:00:00 UTC,2024-06-18 16:55:00 UTC,long,61.99999999999818
2024-06-20 12:00:00 UTC,2024-06-20 12:08:00 UTC,long,110.0
2024-06-21 12:00:00 UTC,2024-06-21 12:08:00 UTC,short,200.9999999999991
2024-06-25 12:24:00 UTC,2024-06-25 16:55:00 UTC,short,-4.0000000000009095
2024-06-27 12:00:00 UTC,2024-06-27 16:55:00 UTC,long,14.00000000000091
2024-07-01 12:16:00 UTC,2024-07-01 12:48:00 UTC,long,-27.96311177656662
2024-07-02 12:00:00 UTC,2024-07-02 16:55:00 UTC,short,-53.00000000000182
2024-07-03 12:00:00 UTC,2024-07-03 16:55:00 UTC,long,14.00000000000091
2024-07-05 12:00:00 UTC,2024-07-05 16:55:00 UTC,long,91.99999999999818
2024-07-08 12:00:00 UTC,2024-07-08 12:08:00 UTC,short,185.9999999999991
2024-07-09 12:40:00 UTC,2024-07-09 16:55:00 UTC,short,-61.00000000000364
2024-07-11 12:00:00 UTC,2024-07-11 16:55:00 UTC,long,-2.9999999999972715
2024-07-12 12:00:00 UTC,2024-07-12 16:55:00 UTC,long,40.0
2024-07-15 12:00:00 UTC,2024-07-15 12:08:00 UTC,long,161.99999999999818
2024-07-16 12:00:00 UTC,2024-07-16 12:08:00 UTC,long,187.00000000000273
2024-07-17 12:00:00 UTC,2024-07-17 12:08:00 UTC,short,92.43867093216522
2024-07-18 12:00:00 UTC,2024-07-18 12:08:00 UTC,short,-29.820830587195815
2024-07-19 12:00:00 UTC,2024-07-19 12:48:00 UTC,long,-46.39937961830583
2024-07-22 12:00:00 UTC,2024-07-22 16:55:00 UTC,short,-22.00000000000273
2024-07-24 12:00:00 UTC,2024-07-24 12:08:00 UTC,long,-29.0213387550466
2024-07-25 12:00:00 UTC,2024-07-25 16:55:00 UTC,short,28.00000000000182
2024-07-26 12:00:00 UTC,2024-07-26 16:55:00 UTC,long,66.99999999999818
2024-07-29 12:00:00 UTC,2024-07-29 12:08:00 UTC,short,139.0000000000009
2024-07-30 12:00:00 UTC,2024-07-30 12:24:00 UTC,short,-41.042935655978
2024-07-31 12:08:00 UTC,2024-07-31 16:55:00 UTC,long,225.9999999999991
2024-08-01 12:00:00 UTC,2024-08-01 16:55:00 UTC,short,8.000000000001819
2024-08-02 12:00:00 UTC,2024-08-02 12:08:00 UTC,short,179.44033333552852
2024-08-05 12:00:00 UTC,2024-08-05 16:55:00 UTC,long,150.9999999999991
2024-08-06 12:00:00 UTC,2024-08-06 12:56:00 UTC,short,-45.20183050727155
2024-08-07 12:00:00 UTC,2024-08-07 12:48:00 UTC,short,0.0
2024-08-08 12:00:00 UTC,2024-08-08 12:48:00 UTC,long,50.0
2024-08-09 12:56:00 UTC,2024-08-09 16:55:00 UTC,long,-39.00000000000091
2024-08-12 12:00:00 UTC,2024-08-12 12:08:00 UTC,long,115.99999999999909
2024-08-14 12:00:00 UTC,2024-08-14 16:55:00 UTC,short,0.9999999999990905
2024-08-15 12:00:00 UTC,2024-08-15 16:55:00 UTC,long,35.0
2024-08-16 12:00:00 UTC,2024-08-16 16:55:00 UTC,long,143.00000000000182
2024-08-19 12:00:00 UTC,2024-08-19 12:08:00 UTC,long,103.965323399716
2024-08-20 12:00:00 UTC,2024-08-20 12:08:00 UTC,short,156.99999999999818
2024-08-22 12:00:00 UTC,2024-08-22 16:55:00 UTC,short,-22.99999999999727
2024-08-23 12:00:00 UTC,2024-08-23 12:40:00 UTC,long,0.0
2024-08-26 12:00:00 UTC,2024-08-26 12:48:00 UTC,short,0.0
2024-08-27 12:16:00 UTC,2024-08-27 16:55:00 UTC,long,110.0
2024-08-28 12:16:00 UTC,2024-08-28 16:55:00 UTC,short,-40.99999999999909
2024-08-29 12:00:00 UTC,2024-08-29 16:55:00 UTC,long,55.0
2024-08-30 12:00:00 UTC,2024-08-30 12:24:00 UTC,short,90.50287524766645
2024-09-03 12:00:00 UTC,2024-09-03 16:55:00 UTC,short,-60.0
2024-09-04 12:00:00 UTC,2024-09-04 16:55:00 UTC,long,50.99999999999909
2024-09-05 12:00:00 UTC,2024-09-05 16:55:00 UTC,short,-54.00000000000091
2024-09-06 12:00:00 UTC,2024-09-06 12:16:00 UTC,short,149.648443123765
2024-09-11 12:00:00 UTC,2024-09-11 16:55:00 UTC,long,-26.000000000003638
2024-09-12 12:00:00 UTC,2024-09-12 16:55:00 UTC,long,136.99999999999818
2024-09-13 12:00:00 UTC,2024-09-13 12:40:00 UTC,long,-31.37405858664806
2024-09-16 12:00:00 UTC,2024-09-16 12:40:00 UTC,short,-24.82195135011807
2024-09-17 12:00:00 UTC,2024-09-17 12:24:00 UTC,short,95.92009382870856
2024-09-18 12:00:00 UTC,2024-09-18 12:56:00 UTC,short,-23.283325069187413
2024-09-19 12:00:00 UTC,2024-09-19 16:55:00 UTC,long,25.99999999999909
2024-09-20 12:00:00 UTC,2024-09-20 16:55:00 UTC,long,50.99999999999909
2024-09-24 12:00:00 UTC,2024-09-24 12:08:00 UTC,long,103.00000000000182
2024-09-25 12:00:00 UTC,2024-09-25 12:40:00 UTC,short,88.36307790158116
2024-09-27 12:00:00 UTC,2024-09-27 12:08:00 UTC,short,148.99999999999636
2024-09-30 12:00:00 UTC,2024-09-30 12:56:00 UTC,short,-37.67852826164926
2024-10-01 12:32:00 UTC,2024-10-01 12:56:00 UTC,long,-39.31953989591875
2024-10-02 12:08:00 UTC,2024-10-02 16:55:00 UTC,short,-96.99999999999818
2024-10-03 12:08:00 UTC,2024-10-03 12:48:00 UTC,long,50.0
2024-10-08 12:00:00 UTC,2024-10-08 12:08:00 UTC,short,211.99999999999818
2024-10-09 12:32:00 UTC,2024-10-09 16:55:00 UTC,short,-2.0000000000027285
2024-10-11 12:00:00 UTC,2024-10-11 16:55:00 UTC,long,33.00000000000182
2024-10-14 12:00:00 UTC,2024-10-14 12:32:00 UTC,short,-24.664271647175156
2024-10-15 12:00:00 UTC,2024-10-15 12:08:00 UTC,long,125.99999999999909
2024-10-16 12:00:00 UTC,2024-10-16 12:08:00 UTC,short,98.00000000000182
2024-10-17 12:00:00 UTC,2024-10-17 12:32:00 UTC,long,-35.29807829245783
2024-10-18 12:00:00 UTC,2024-10-18 16:55:00 UTC,long,103.00000000000182
2024-10-21 12:00:00 UTC,2024-10-21 12:08:00 UTC,short,113.00000000000182
2024-10-22 12:32:00 UTC,2024-10-22 16:55:00 UTC,long,62.00000000000273
2024-10-23 12:00:00 UTC,2024-10-23 12:08:00 UTC,short,105.0
2024-10-24 12:00:00 UTC,2024-10-24 12:08:00 UTC,short,95.32014628304296
2024-10-25 12:00:00 UTC,2024-10-25 16:55:00 UTC,long,150.9999999999991
2024-10-28 12:08:00 UTC,2024-10-28 16:55:00 UTC,long,-2.9999999999972715
2024-10-29 12:00:00 UTC,2024-10-29 12:08:00 UTC,long,95.0
2024-10-31 12:00:00 UTC,2024-10-31 12:08:00 UTC,short,242.99999999999727
2024-11-01 12:00:00 UTC,2024-11-01 16:55:00 UTC,short,149.0000000000009
2024-11-04 12:00:00 UTC,2024-11-04 16:55:00 UTC,short,36.99999999999818
2024-11-05 12:00:00 UTC,2024-11-05 16:55:00 UTC,short,-20.0
2024-11-07 12:00:00 UTC,2024-11-07 16:55:00 UTC,long,148.00000000000182
2024-11-08 12:00:00 UTC,2024-11-08 16:55:00 UTC,short,95.99999999999909
2024-11-11 12:00:00 UTC,2024-11-11 16:55:00 UTC,short,12.000000000002728
2024-11-12 12:00:00 UTC,2024-11-12 12:08:00 UTC,short,112.54654104680412
2024-11-13 12:00:00 UTC,2024-11-13 12:08:00 UTC,short,241.99999999999818
2024-11-14 12:00:00 UTC,2024-11-14 12:40:00 UTC,long,0.0
2024-11-15 12:00:00 UTC,2024-11-15 16:55:00 UTC,short,32.00000000000273
2024-11-18 12:00:00 UTC,2024-11-18 16:55:00 UTC,long,10.0
2024-11-20 12:00:00 UTC,2024-11-20 12:08:00 UTC,long,94.35288586064871
2024-11-21 12:00:00 UTC,2024-11-21 12:40:00 UTC,short,-33.29586786190248
2024-11-22 12:00:00 UTC,2024-11-22 12:56:00 UTC,long,133.73654505015566
2024-11-25 12:00:00 UTC,2024-11-25 16:55:00 UTC,short,130.0
2024-11-27 12:00:00 UTC,2024-11-27 16:55:00 UTC,short,115.99999999999909
2024-11-28 12:00:00 UTC,2024-11-28 14:29:00 UTC,short,51.99999999999818
2024-12-02 12:00:00 UTC,2024-12-02 16:55:00 UTC,short,43.99999999999636
2024-12-03 12:08:00 UTC,2024-12-03 16:55:00 UTC,short,35.0
2024-12-05 12:00:00 UTC,2024-12-05 12:08:00 UTC,short,90.0
2024-12-06 12:00:00 UTC,2024-12-06 16:55:00 UTC,long,-47.00000000000273
2024-12-10 12:00:00 UTC,2024-12-10 16:55:00 UTC,long,66.99999999999818
2024-12-11 12:00:00 UTC,2024-12-11 12:08:00 UTC,long,183.00000000000182
2024-12-16 12:00:00 UTC,2024-12-16 16:55:00 UTC,short,39.00000000000091
2024-12-17 12:16:00 UTC,2024-12-17 16:55:00 UTC,long,51.99999999999818
2024-12-18 12:00:00 UTC,2024-12-18 12:16:00 UTC,short,-24.71632489255626
2024-12-19 12:00:00 UTC,2024-12-19 16:55:00 UTC,short,-22.00000000000273
2024-12-20 12:00:00 UTC,2024-12-20 16:55:00 UTC,long,25.0
2024-12-23 12:16:00 UTC,2024-12-23 16:55:00 UTC,short,-1.999999999998181
2024-12-24 12:16:00 UTC,2024-12-24 13:44:00 UTC,long,-5.0
2024-12-26 12:00:00 UTC,2024-12-26 16:55:00 UTC,long,85.99999999999909
2024-12-30 12:00:00 UTC,2024-12-30 16:55:00 UTC,short,-25.0
2024-12-31 12:00:00 UTC,2024-12-31 12:08:00 UTC,long,100.0
2025-01-02 12:00:00 UTC,2025-01-02 16:55:00 UTC,long,53.99999999999636
2025-01-03 12:00:00 UTC,2025-01-03 16:55:00 UTC,short,48.00000000000182
2025-01-06 12:00:00 UTC,2025-01-06 16:55:00 UTC,long,37.00000000000273
2025-01-07 12:00:00 UTC,2025-01-07 16:55:00 UTC,short,40.0
2025-01-08 12:00:00 UTC,2025-01-08 12:24:00 UTC,long,-33.63964107322772
2025-01-09 12:00:00 UTC,2025-01-09 16:55:00 UTC,short,-81.99999999999818
2025-01-13 12:00:00 UTC,2025-01-13 16:55:00 UTC,short,1.000000000003638
2025-01-14 12:00:00 UTC,2025-01-14 16:55:00 UTC,long,141.00000000000364
2025-01-16 12:00:00 UTC,2025-01-16 16:55:00 UTC,long,-31.99999999999818
2025-01-17 12:00:00 UTC,2025-01-17 12:08:00 UTC,long,131.99999999999818
2025-01-20 12:00:00 UTC,2025-01-20 12:32:00 UTC,short,50.0
2025-01-21 12:00:00 UTC,2025-01-21 12:08:00 UTC,long,136.99999999999818
2025-01-22 12:00:00 UTC,2025-01-22 16:55:00 UTC,long,-33.00000000000182
2025-01-23 12:00:00 UTC,2025-01-23 12:40:00 UTC,long,117.51419577733031
2025-01-24 12:00:00 UTC,2025-01-24 12:16:00 UTC,short,-36.02727944997696
2025-01-27 12:00:00 UTC,2025-01-27 12:08:00 UTC,short,109.61626980572419
2025-01-28 12:00:00 UTC,2025-01-28 16:55:00 UTC,long,92.00000000000273
2025-01-29 12:00:00 UTC,2025-01-29 16:55:00 UTC,short,-5.9999999999990905
2025-01-30 12:00:00 UTC,2025-01-30 12:56:00 UTC,long,132.03566940362634
2025-01-31 12:08:00 UTC,2025-01-31 12:16:00 UTC,short,-26.594299240096007
2025-02-03 12:24:00 UTC,2025-02-03 12:56:00 UTC,long,-34.197045812343276
2025-02-04 12:08:00 UTC,2025-02-04 16:55:00 UTC,long,17.99999999999727
2025-02-05 12:00:00 UTC,2025-02-05 16:55:00 UTC,long,-105.0
2025-02-06 12:00:00 UTC,2025-02-06 16:55:00 UTC,short,-45.0
2025-02-11 12:24:00 UTC,2025-02-11 16:55:00 UTC,long,-45.99999999999909
2025-02-12 12:00:00 UTC,2025-02-12 16:55:00 UTC,long,16.000000000003638
2025-02-13 12:00:00 UTC,2025-02-13 16:55:00 UTC,long,150.9999999999991
2025-02-14 12:00:00 UTC,2025-02-14 12:08:00 UTC,short,206.99999999999818
2025-02-18 12:00:00 UTC,2025-02-18 16:55:00 UTC,long,119.00000000000091
2025-02-19 12:00:00 UTC,2025-02-19 16:55:00 UTC,short,-53.00000000000182
2025-02-20 12:00:00 UTC,2025-02-20 12:56:00 UTC,long,0.0
2025-02-21 12:08:00 UTC,2025-02-21 16:55:00 UTC,long,-23.00000000000182
2025-02-25 12:00:00 UTC,2025-02-25 12:08:00 UTC,short,433.0000000000018
2025-02-26 12:00:00 UTC,2025-02-26 12:16:00 UTC,long,50.0
2025-02-27 12:00:00 UTC,2025-02-27 12:56:00 UTC,short,0.0
2025-03-03 12:00:00 UTC,2025-03-03 16:55:00 UTC,long,89.00000000000091
2025-03-04 12:56:00 UTC,2025-03-04 16:55:00 UTC,short,-68.00000000000182
2025-03-05 12:00:00 UTC,2025-03-05 12:56:00 UTC,long,0.0
2025-03-06 12:00:00 UTC,2025-03-06 12:48:00 UTC,long,0.0
2025-03-10 12:40:00 UTC,2025-03-10 16:55:00 UTC,short,106.99999999999818
2025-03-12 12:00:00 UTC,2025-03-12 12:08:00 UTC,long,108.76047006483986
2025-03-13 12:00:00 UTC,2025-03-13 12:08:00 UTC,long,306.00000000000364
2025-03-14 12:00:00 UTC,2025-03-14 16:55:00 UTC,short,20.0
2025-03-17 12:00:00 UTC,2025-03-17 16:55:00 UTC,long,93.00000000000182
2025-03-18 12:00:00 UTC,2025-03-18 12:24:00 UTC,short,-39.24806728789463
2025-03-20 12:00:00 UTC,2025-03-20 12:32:00 UTC,long,-39.743080606167496
2025-03-21 12:00:00 UTC,2025-03-21 16:55:00 UTC,short,-18.00000000000182
2025-03-24 12:00:00 UTC,2025-03-24 12:08:00 UTC,short,80.56328117450903
2025-03-26 12:00:00 UTC,2025-03-26 12:24:00 UTC,short,0.0
2025-03-27 12:00:00 UTC,2025-03-27 16:55:00 UTC,long,64.00000000000091
2025-03-28 12:00:00 UTC,2025-03-28 16:55:00 UTC,long,4.0000000000009095
2025-04-01 12:00:00 UTC,2025-04-01 12:08:00 UTC,short,153.99999999999636
2025-04-02 12:08:00 UTC,2025-04-02 12:48:00 UTC,long,0.0
2025-04-03 12:00:00 UTC,2025-04-03 16:55:00 UTC,long,405.9999999999991
2025-04-04 12:00:00 UTC,2025-04-04 12:08:00 UTC,short,404.0000000000009
2025-04-07 12:00:00 UTC,2025-04-07 12:08:00 UTC,short,270.0
2025-04-08 12:00:00 UTC,2025-04-08 12:56:00 UTC,short,218.41915910684747
2025-04-09 12:00:00 UTC,2025-04-09 16:55:00 UTC,long,26.99999999999818
2025-04-10 12:00:00 UTC,2025-04-10 12:32:00 UTC,long,286.54768085678825
2025-04-11 12:48:00 UTC,2025-04-11 16:55:00 UTC,short,-125.99999999999909
2025-04-16 12:00:00 UTC,2025-04-16 12:40:00 UTC,long,100.0
2025-04-17 12:00:00 UTC,2025-04-17 12:08:00 UTC,short,196.00000000000364
2025-04-22 12:00:00 UTC,2025-04-22 12:24:00 UTC,short,312.36012859056245
2025-04-23 12:00:00 UTC,2025-04-23 12:40:00 UTC,short,-111.77166592263802
2025-04-28 12:00:00 UTC,2025-04-28 12:08:00 UTC,long,288.0000000000018
2025-04-29 12:24:00 UTC,2025-04-29 16:55:00 UTC,long,-33.00000000000182
2025-04-30 12:00:00 UTC,2025-04-30 16:55:00 UTC,long,-216.99999999999818
2025-05-01 12:00:00 UTC,2025-05-01 16:55:00 UTC,short,-182.99999999999727
2025-05-02 12:00:00 UTC,2025-05-02 16:55:00 UTC,short,-35.0
2025-05-05 12:00:00 UTC,2025-05-05 16:55:00 UTC,short,-224.0000000000009
2025-05-06 12:08:00 UTC,2025-05-06 16:55:00 UTC,long,331.9999999999982
2025-05-07 12:16:00 UTC,2025-05-07 12:32:00 UTC,short,-63.11351428345915
2025-05-08 12:00:00 UTC,2025-05-08 12:08:00 UTC,short,304.0000000000009
2025-05-09 12:00:00 UTC,2025-05-09 12:56:00 UTC,long,-54.36837125560487
2025-05-12 12:08:00 UTC,2025-05-12 16:55:00 UTC,short,-50.0
2025-05-13 12:00:00 UTC,2025-05-13 12:48:00 UTC,long,0.0
2025-05-15 12:00:00 UTC,2025-05-15 12:08:00 UTC,long,165.0
2025-05-16 12:00:00 UTC,2025-05-16 16:55:00 UTC,long,137.00000000000273
2025-05-20 12:00:00 UTC,2025-05-20 12:08:00 UTC,long,345.0
2025-05-21 12:00:00 UTC,2025-05-21 12:32:00 UTC,long,-57.89100673479879
2025-05-22 12:00:00 UTC,2025-05-22 12:08:00 UTC,short,152.1156169415599
2025-05-26 12:24:00 UTC,2025-05-26 14:29:00 UTC,long,20.0
2025-05-27 12:00:00 UTC,2025-05-27 12:24:00 UTC,short,-53.45048475128351
2025-05-28 12:00:00 UTC,2025-05-28 16:55:00 UTC,short,163.99999999999636
2025-05-29 12:00:00 UTC,2025-05-29 12:48:00 UTC,long,0.0
2025-05-30 12:00:00 UTC,2025-05-30 12:56:00 UTC,short,-62.31075168135703
2025-06-02 12:00:00 UTC,2025-06-02 12:08:00 UTC,long,190.9999999999991
2025-06-03 12:00:00 UTC,2025-06-03 16:55:00 UTC,short,-35.99999999999909
2025-06-04 12:00:00 UTC,2025-06-04 16:55:00 UTC,long,84.00000000000091
2025-06-05 12:00:00 UTC,2025-06-05 12:08:00 UTC,short,249.0000000000009
2025-06-06 12:00:00 UTC,2025-06-06 12:24:00 UTC,short,199.02333428412476
2025-06-09 12:00:00 UTC,2025-06-09 12:16:00 UTC,long,124.2295262921607
2025-06-10 12:00:00 UTC,2025-06-10 12:08:00 UTC,short,111.50725798407166
2025-06-11 12:08:00 UTC,2025-06-11 16:55:00 UTC,short,-250.0
2025-06-13 12:00:00 UTC,2025-06-13 12:32:00 UTC,short,50.0
2025-06-16 12:00:00 UTC,2025-06-16 16:55:00 UTC,short,200.9999999999991
2025-06-17 12:00:00 UTC,2025-06-17 16:55:00 UTC,short,-17.00000000000273
2025-06-19 12:24:00 UTC,2025-06-19 14:29:00 UTC,long,3.000000000001819
2025-06-20 12:00:00 UTC,2025-06-20 16:55:00 UTC,long,50.99999999999909
2025-06-23 12:00:00 UTC,2025-06-23 12:08:00 UTC,long,126.14757657746395
2025-06-24 12:48:00 UTC,2025-06-24 16:55:00 UTC,long,43.99999999999636
2025-06-25 12:00:00 UTC,2025-06-25 12:32:00 UTC,long,101.65809074536355
2025-06-26 12:16:00 UTC,2025-06-26 16:55:00 UTC,long,15.0
2025-06-27 12:00:00 UTC,2025-06-27 16:55:00 UTC,long,52.99999999999727
2025-06-30 12:00:00 UTC,2025-06-30 12:56:00 UTC,long,109.94108958980632
2025-07-01 12:00:00 UTC,2025-07-01 16:55:00 UTC,short,51.99999999999818
2025-07-02 12:16:00 UTC,2025-07-02 12:32:00 UTC,long,-37.260209568839855
2025-07-07 12:00:00 UTC,2025-07-07 12:16:00 UTC,long,127.97743978282142
2025-07-08 12:00:00 UTC,2025-07-08 12:08:00 UTC,short,181.99999999999818
2025-07-09 12:00:00 UTC,2025-07-09 12:32:00 UTC,long,117.71245456080578
2025-07-10 12:00:00 UTC,2025-07-10 16:55:00 UTC,short,-36.00000000000364
2025-07-11 12:00:00 UTC,2025-07-11 12:16:00 UTC,long,-46.86799679842807
2025-07-14 12:00:00 UTC,2025-07-14 16:55:00 UTC,short,30.0
2025-07-15 12:00:00 UTC,2025-07-15 12:40:00 UTC,short,50.0
2025-07-16 12:00:00 UTC,2025-07-16 12:08:00 UTC,long,133.78311164021852
2025-07-17 12:00:00 UTC,2025-07-17 12:08:00 UTC,long,164.80040589279724
2025-07-18 12:08:00 UTC,2025-07-18 12:32:00 UTC,short,-33.158881229701365
2025-07-21 12:00:00 UTC,2025-07-21 12:08:00 UTC,long,112.75109461981174
2025-07-22 12:00:00 UTC,2025-07-22 12:08:00 UTC,long,119.74192881119507
2025-07-23 12:00:00 UTC,2025-07-23 12:08:00 UTC,short,155.0
2025-07-24 12:00:00 UTC,2025-07-24 16:55:00 UTC,long,51.99999999999818
2025-07-25 12:00:00 UTC,2025-07-25 16:55:00 UTC,short,-19.00000000000091
2025-07-28 12:00:00 UTC,2025-07-28 12:08:00 UTC,short,98.02337667982556
2025-07-30 12:00:00 UTC,2025-07-30 16:55:00 UTC,short,251.99999999999818
2025-07-31 12:00:00 UTC,2025-07-31 16:55:00 UTC,short,129.0000000000009
2025-08-05 12:00:00 UTC,2025-08-05 12:16:00 UTC,long,50.0
2025-08-06 12:00:00 UTC,2025-08-06 12:16:00 UTC,long,50.0
2025-08-07 12:08:00 UTC,2025-08-07 16:55:00 UTC,short,-245.0
2025-08-08 12:00:00 UTC,2025-08-08 16:55:00 UTC,long,-341.00000000000364
2025-08-13 12:32:00 UTC,2025-08-13 12:40:00 UTC,long,-37.3772337082346
2025-08-14 12:00:00 UTC,2025-08-14 12:16:00 UTC,short,128.22657343067476
2025-08-18 12:00:00 UTC,2025-08-18 16:55:00 UTC,short,60.99999999999909
2025-08-19 12:00:00 UTC,2025-08-19 16:55:00 UTC,short,85.0
2025-08-20 12:16:00 UTC,2025-08-20 16:55:00 UTC,long,30.0
2025-08-22 12:00:00 UTC,2025-08-22 12:08:00 UTC,long,421.9999999999982
2025-08-25 12:00:00 UTC,2025-08-25 16:55:00 UTC,long,-30.0
2025-08-26 12:00:00 UTC,2025-08-26 16:55:00 UTC,long,167.00000000000273
2025-08-27 12:00:00 UTC,2025-08-27 12:32:00 UTC,long,93.86872894931003
2025-08-28 12:00:00 UTC,2025-08-28 16:55:00 UTC,long,116.00000000000364
2025-08-29 12:00:00 UTC,2025-08-29 12:08:00 UTC,long,316.9999999999982
2025-09-02 12:00:00 UTC,2025-09-02 12:08:00 UTC,long,318.0000000000018
2025-09-03 12:00:00 UTC,2025-09-03 16:55:00 UTC,long,-98.99999999999636
2025-09-05 12:00:00 UTC,2025-09-05 16:55:00 UTC,long,-25.0
2025-09-08 12:00:00 UTC,2025-09-08 16:55:00 UTC,long,41.99999999999818
2025-09-09 12:00:00 UTC,2025-09-09 16:55:00 UTC,short,200.0
2025-09-10 12:24:00 UTC,2025-09-10 16:55:00 UTC,short,-11.999999999998181
2025-09-11 12:08:00 UTC,2025-09-11 16:55:00 UTC,long,-46.00000000000364
2025-09-12 12:00:00 UTC,2025-09-12 12:16:00 UTC,short,-37.331889062893424
2025-09-15 12:00:00 UTC,2025-09-15 12:08:00 UTC,long,243.00000000000182
2025-09-17 12:00:00 UTC,2025-09-17 16:55:00 UTC,long,-247.00000000000273
2025-09-18 12:00:00 UTC,2025-09-18 16:55:00 UTC,short,-10.0
2025-09-19 12:00:00 UTC,2025-09-19 12:08:00 UTC,long,139.0000000000009
2025-09-22 12:00:00 UTC,2025-09-22 16:55:00 UTC,long,202.00000000000273
2025-09-23 12:00:00 UTC,2025-09-23 12:16:00 UTC,short,0.0
2025-09-24 12:00:00 UTC,2025-09-24 12:08:00 UTC,short,168.00000000000182
2025-09-25 12:40:00 UTC,2025-09-25 16:55:00 UTC,short,-184.0000000000009
2025-09-26 12:00:00 UTC,2025-09-26 16:55:00 UTC,long,-87.99999999999727
2025-09-29 12:00:00 UTC,2025-09-29 16:55:00 UTC,long,67.99999999999727
2025-09-30 12:00:00 UTC,2025-09-30 12:08:00 UTC,long,205.9999999999991
2025-10-01 12:00:00 UTC,2025-10-01 12:08:00 UTC,short,-63.92941421795058
2025-10-02 12:00:00 UTC,2025-10-02 12:08:00 UTC,short,543.0000000000018
2025-10-03 12:00:00 UTC,2025-10-03 12:16:00 UTC,long,-49.65116539699011
2025-10-06 12:00:00 UTC,2025-10-06 12:08:00 UTC,long,302.00000000000273
2025-10-07 12:00:00 UTC,2025-10-07 12:24:00 UTC,short,0.0
2025-10-08 12:08:00 UTC,2025-10-08 16:55:00 UTC,long,-108.00000000000182
2025-10-09 12:00:00 UTC,2025-10-09 12:08:00 UTC,short,284.0000000000009
2025-10-10 12:16:00 UTC,2025-10-10 12:24:00 UTC,short,-75.11353806266015
2025-10-13 12:00:00 UTC,2025-10-13 12:56:00 UTC,long,100.0
2025-10-14 12:00:00 UTC,2025-10-14 12:48:00 UTC,long,253.0882213476616
2025-10-15 12:24:00 UTC,2025-10-15 12:32:00 UTC,long,-94.46484164937829
2025-10-16 12:00:00 UTC,2025-10-16 12:08:00 UTC,long,251.6300065177802
2025-10-17 12:00:00 UTC,2025-10-17 12:32:00 UTC,short,505.8790929611496
2025-10-20 12:00:00 UTC,2025-10-20 16:55:00 UTC,long,308.0000000000018
2025-10-21 12:00:00 UTC,2025-10-21 12:08:00 UTC,short,539.0000000000055
2025-10-22 12:00:00 UTC,2025-10-22 12:24:00 UTC,short,0.0
2025-10-24 12:00:00 UTC,2025-10-24 16:55:00 UTC,long,-128.99999999999636
2025-10-27 12:00:00 UTC,2025-10-27 12:56:00 UTC,short,200.0
2025-10-28 12:00:00 UTC,2025-10-28 16:55:00 UTC,long,177.99999999999727
2025-10-29 12:00:00 UTC,2025-10-29 16:55:00 UTC,short,780.9999999999991
2025-10-30 12:00:00 UTC,2025-10-30 16:55:00 UTC,long,471.00000000000364
2025-10-31 12:00:00 UTC,2025-10-31 12:08:00 UTC,short,242.72807133508195
2025-11-05 12:00:00 UTC,2025-11-05 12:16:00 UTC,long,-68.21763994162211
2025-11-06 12:00:00 UTC,2025-11-06 12:16:00 UTC,short,191.55498108265874
2025-11-07 12:00:00 UTC,2025-11-07 12:08:00 UTC,long,-60.72428158105595
2025-11-10 12:00:00 UTC,2025-11-10 16:55:00 UTC,long,221.00000000000364
2025-11-11 12:00:00 UTC,2025-11-11 16:55:00 UTC,short,-55.0
2025-11-12 12:00:00 UTC,2025-11-12 12:08:00 UTC,long,583.9999999999964
2025-11-13 12:00:00 UTC,2025-11-13 16:55:00 UTC,short,306.00000000000364
2025-11-14 12:00:00 UTC,2025-11-14 12:32:00 UTC,long,446.9602961836381
2025-11-17 12:24:00 UTC,2025-11-17 12:48:00 UTC,long,-87.14654642753885
2025-11-18 12:00:00 UTC,2025-11-18 12:40:00 UTC,short,-83.20623855927352
2025-11-19 12:00:00 UTC,2025-11-19 12:08:00 UTC,short,407.99999999999727
2025-11-20 12:00:00 UTC,2025-11-20 12:16:00 UTC,short,100.0
2025-11-21 12:00:00 UTC,2025-11-21 12:16:00 UTC,long,0.0
2025-11-24 12:00:00 UTC,2025-11-24 16:55:00 UTC,long,523.0000000000018
2025-11-25 12:00:00 UTC,2025-11-25 12:48:00 UTC,long,0.0
2025-11-26 12:00:00 UTC,2025-11-26 16:55:00 UTC,long,31.99999999999818
2025-11-28 12:00:00 UTC,2025-11-28 14:44:00 UTC,long,171.00000000000364
2025-12-01 12:00:00 UTC,2025-12-01 12:40:00 UTC,short,-84.75328941603038
2025-12-02 12:00:00 UTC,2025-12-02 12:08:00 UTC,short,246.99999999999818
2025-12-03 12:00:00 UTC,2025-12-03 16:55:00 UTC,short,109.00000000000546
2025-12-04 12:00:00 UTC,2025-12-04 16:55:00 UTC,long,-58.99999999999636
2025-12-05 12:00:00 UTC,2025-12-05 12:32:00 UTC,short,163.752699508168
2025-12-08 12:00:00 UTC,2025-12-08 12:24:00 UTC,short,50.0
2025-12-09 12:00:00 UTC,2025-12-09 12:16:00 UTC,long,0.0
2025-12-11 12:00:00 UTC,2025-12-11 12:08:00 UTC,long,403.0000000000018
2025-12-12 12:00:00 UTC,2025-12-12 12:08:00 UTC,short,546.0000000000036
2025-12-15 12:00:00 UTC,2025-12-15 12:08:00 UTC,short,273.0000000000018
2025-12-16 12:00:00 UTC,2025-12-16 16:55:00 UTC,short,106.99999999999818
2025-12-18 12:00:00 UTC,2025-12-18 12:08:00 UTC,long,-78.94342832924849
2025-12-19 12:00:00 UTC,2025-12-19 12:08:00 UTC,long,185.0
2025-12-22 12:00:00 UTC,2025-12-22 16:55:00 UTC,long,150.0
2025-12-23 12:00:00 UTC,2025-12-23 16:55:00 UTC,long,101.00000000000364
2025-12-24 12:00:00 UTC,2025-12-24 12:08:00 UTC,short,-62.47776747152784
2025-12-26 12:00:00 UTC,2025-12-26 12:08:00 UTC,long,-79.67558481447668
2025-12-29 12:00:00 UTC,2025-12-29 12:32:00 UTC,short,487.15931130552235
2025-12-30 12:08:00 UTC,2025-12-30 16:55:00 UTC,short,385.0
2025-12-31 12:00:00 UTC,2025-12-31 16:55:00 UTC,short,132.00000000000728
2026-01-02 12:00:00 UTC,2026-01-02 16:55:00 UTC,short,183.00000000000182
2026-01-05 12:00:00 UTC,2026-01-05 16:55:00 UTC,long,158.00000000000182
2026-01-06 12:00:00 UTC,2026-01-06 16:55:00 UTC,long,129.00000000000546
2026-01-07 12:00:00 UTC,2026-01-07 16:55:00 UTC,long,-1.999999999998181
2026-01-08 12:00:00 UTC,2026-01-08 12:08:00 UTC,long,266.9999999999982
2026-01-09 12:00:00 UTC,2026-01-09 12:48:00 UTC,long,0.0
2026-01-12 12:00:00 UTC,2026-01-12 16:55:00 UTC,long,-126.99999999999818
2026-01-13 12:08:00 UTC,2026-01-13 12:56:00 UTC,short,226.18927345849443
2026-01-14 12:00:00 UTC,2026-01-14 12:48:00 UTC,short,100.0
2026-01-15 12:16:00 UTC,2026-01-15 16:55:00 UTC,long,28.00000000000182
2026-01-16 12:00:00 UTC,2026-01-16 12:56:00 UTC,short,50.0
2026-01-19 12:00:00 UTC,2026-01-19 14:29:00 UTC,long,-3.999999999996362
2026-01-20 12:08:00 UTC,2026-01-20 16:55:00 UTC,long,96.00000000000364
2026-01-21 12:00:00 UTC,2026-01-21 12:48:00 UTC,short,150.0
2026-01-22 12:00:00 UTC,2026-01-22 12:08:00 UTC,long,358.99999999999636
2026-01-23 12:00:00 UTC,2026-01-23 12:08:00 UTC,long,334.00000000000546
2026-01-26 12:00:00 UTC,2026-01-26 16:55:00 UTC,long,-810.0
2026-01-27 12:00:00 UTC,2026-01-27 16:55:00 UTC,long,1085.0
2026-01-28 12:00:00 UTC,2026-01-28 16:55:00 UTC,long,1404.0000000000055
2026-01-29 12:00:00 UTC,2026-01-29 12:08:00 UTC,short,2214.0000000000055
2026-01-30 12:00:00 UTC,2026-01-30 12:08:00 UTC,short,1294.913764518542
2026-02-02 12:00:00 UTC,2026-02-02 16:55:00 UTC,short,178.00000000000182
2026-02-03 12:00:00 UTC,2026-02-03 16:55:00 UTC,long,93.99999999999636
2026-02-04 12:00:00 UTC,2026-02-04 12:08:00 UTC,short,1006.9999999999982
2026-02-05 12:00:00 UTC,2026-02-05 16:55:00 UTC,long,-758.0000000000018
2026-02-06 12:00:00 UTC,2026-02-06 16:55:00 UTC,long,321.9999999999982
2026-02-09 12:00:00 UTC,2026-02-09 12:48:00 UTC,long,200.0
2026-02-10 12:00:00 UTC,2026-02-10 12:24:00 UTC,short,100.0
2026-02-11 12:08:00 UTC,2026-02-11 16:55:00 UTC,long,-31.000000000003638
2026-02-12 12:00:00 UTC,2026-02-12 12:08:00 UTC,short,931.9999999999982
2026-02-13 12:00:00 UTC,2026-02-13 16:55:00 UTC,long,260.0
2026-02-16 12:00:00 UTC,2026-02-16 12:24:00 UTC,short,-76.08262746342916
2026-02-17 12:00:00 UTC,2026-02-17 16:55:00 UTC,short,-152.00000000000728
2026-02-18 12:00:00 UTC,2026-02-18 16:55:00 UTC,long,-26.99999999999818
2026-02-19 12:00:00 UTC,2026-02-19 12:56:00 UTC,long,-94.76730239542121
2026-02-20 12:00:00 UTC,2026-02-20 12:16:00 UTC,long,50.0
2026-02-23 12:00:00 UTC,2026-02-23 12:08:00 UTC,long,360.99999999999454
2026-02-24 12:00:00 UTC,2026-02-24 16:55:00 UTC,long,163.99999999999636
2026-02-25 12:00:00 UTC,2026-02-25 16:55:00 UTC,long,-280.0
2026-02-26 12:00:00 UTC,2026-02-26 12:24:00 UTC,long,0.0
2026-02-27 12:56:00 UTC,2026-02-27 16:55:00 UTC,long,410.99999999999454
2026-03-02 12:00:00 UTC,2026-03-02 16:55:00 UTC,short,-216.00000000000364
2026-03-03 12:00:00 UTC,2026-03-03 16:55:00 UTC,short,103.00000000000182
2026-03-04 12:00:00 UTC,2026-03-04 12:40:00 UTC,short,150.0
2026-03-05 12:00:00 UTC,2026-03-05 16:55:00 UTC,short,173.00000000000182
2026-03-06 12:00:00 UTC,2026-03-06 16:55:00 UTC,long,546.0000000000036
2026-03-09 12:00:00 UTC,2026-03-09 12:24:00 UTC,short,-123.67226627691707
2026-03-10 12:00:00 UTC,2026-03-10 12:24:00 UTC,short,0.0
2026-03-11 12:00:00 UTC,2026-03-11 12:08:00 UTC,short,-83.574287553447
2026-03-12 12:00:00 UTC,2026-03-12 12:24:00 UTC,short,0.0
2026-03-13 12:00:00 UTC,2026-03-13 16:55:00 UTC,long,-503.99999999999636
2026-03-16 12:00:00 UTC,2026-03-16 12:24:00 UTC,long,342.31900867979675
2026-03-17 12:00:00 UTC,2026-03-17 12:24:00 UTC,short,-83.80378389088946
2026-03-18 12:00:00 UTC,2026-03-18 12:08:00 UTC,short,660.0
2026-03-19 12:00:00 UTC,2026-03-19 12:08:00 UTC,short,646.7962871945929
2026-03-20 12:00:00 UTC,2026-03-20 16:55:00 UTC,short,893.9999999999964
2026-03-23 12:00:00 UTC,2026-03-23 12:40:00 UTC,long,1193.5821619114813
2026-03-24 12:08:00 UTC,2026-03-24 12:16:00 UTC,long,-200.50248720006493
2026-03-25 12:00:00 UTC,2026-03-25 12:16:00 UTC,long,-146.84092665927892
